model,seed,fold,subject,case,tp,tn,fp,fn,auc,accuracy,sensitivity,specificity,precision,f1,iou,thin_gt_pixels,thin_fn_pixels,far_fp_pixels,evaluated_segments,recovered_segments,partial_segments,missed_segments,mean_tolerant_centerline_coverage,median_tolerant_centerline_coverage,evaluated_centerline_pixels,length_weighted_coverage,long_segments,long_centerline_pixels,long_branch_coverage
unet_standard,41,0,Subject_05,Image_05L,65918,578577,11569,9724,0.9904216174425999,0.9680183481829051,0.8714470796647366,0.9803963764898855,0.8506975363609379,0.8609473058662958,0.755845019550286,9810,2266,998,90,69,9,12,0.8140515207475822,1.0,1663,0.8598917618761275,27,1067,0.9203373945641987
unet_standard,41,0,Subject_05,Image_05R,70407,573753,10376,11108,0.9889413250434975,0.9677244893666885,0.863730601729743,0.9822368004327812,0.8715571345456345,0.8676262184376887,0.7662012601887018,9070,2946,742,118,71,17,30,0.6725098011207455,1.0,1543,0.7193778353856124,18,608,0.7713815789473685
unet_standard,41,0,Subject_09,Image_09L,40597,600742,15552,7891,0.9834081926765629,0.9647358081295824,0.8372587031842931,0.9747652905918279,0.7230226718196228,0.7759587908674752,0.6339319175515303,7509,2464,6365,90,54,10,26,0.6580678898705508,1.0,1171,0.6524338172502135,15,466,0.6523605150214592
unet_standard,41,0,Subject_09,Image_09R,38598,601984,13671,10085,0.9822613189892002,0.9642410941418375,0.7928434977302138,0.9777943815935873,0.7384491763760547,0.7646802440763928,0.619014016743112,7919,3143,5667,93,47,9,37,0.5503495112278979,0.8125,1313,0.6024371667936025,18,583,0.6843910806174958
unet_standard,41,0,Subject_12,Image_12L,60012,568762,20975,8915,0.9819759057004138,0.9546202616204924,0.8706602637573084,0.9644332982329411,0.7410078160692457,0.8006190215723682,0.6675268625837023,11247,4362,1291,110,59,16,35,0.6053874635465544,0.898989898989899,1468,0.6028610354223434,23,652,0.5705521472392638
unet_standard,41,0,Subject_12,Image_12R,62048,575013,18744,8435,0.9860981037740394,0.9590825605202938,0.8803257523090674,0.9684315300703823,0.7679968313694425,0.8203338291191539,0.6953948916807693,15132,5132,1157,152,102,22,28,0.7367464917638483,1.0,2020,0.7485148514851485,32,932,0.7896995708154506
unet_standard,41,1,Subject_01,Image_01L,57200,589140,7941,9570,0.9920518361391848,0.9736220929094028,0.85667215815486,0.9867002969446357,0.8780952088546384,0.8672514043559673,0.7656168435705586,10607,3840,1770,125,72,17,36,0.6516085196708559,0.95,1812,0.5960264900662252,29,939,0.536741214057508
unet_standard,41,1,Subject_01,Image_01R,56597,583496,5759,15986,0.9858715840404891,0.9671445278149637,0.7797555901519639,0.9902266421158921,0.907643209955738,0.8388531114058945,0.7224349646422098,9592,4706,1068,96,44,8,44,0.508698372995672,0.5804195804195804,1366,0.49633967789165445,22,655,0.5267175572519084
unet_standard,41,1,Subject_06,Image_06L,57268,579565,7513,14587,0.9765980762537464,0.9664609300186817,0.7969939461415351,0.9872027226365151,0.8840246368533984,0.8382563892385608,0.7215502469509122,9426,4334,553,112,49,14,49,0.4947875998223154,0.4017857142857143,1540,0.5318181818181819,24,696,0.5933908045977011
unet_standard,41,1,Subject_06,Image_06R,60121,581211,9974,11330,0.9862448102550313,0.967849618795236,0.8414297910456117,0.9831288006292447,0.8577073971039304,0.8494906249558447,0.738360454405895,12688,5115,874,144,81,16,47,0.6246808266461029,1.0,1992,0.6019076305220884,35,1026,0.6130604288499025
unet_standard,41,1,Subject_13,Image_13L,49938,587634,13823,8967,0.9847692633097271,0.9654886259354718,0.8477718360071301,0.9770174758960325,0.7832060350370916,0.8142109467986239,0.6866406335936641,12009,4649,938,90,50,10,30,0.6167951338784672,1.0,951,0.6130389064143007,9,251,0.6852589641434262
unet_standard,41,1,Subject_13,Image_13R,48838,585333,14208,11782,0.9797051534537194,0.9606308158161418,0.805641702408446,0.9763018709312624,0.7746407385083907,0.7898371419792021,0.6526701234831881,13686,6190,1017,109,46,18,45,0.5048110213876753,0.5714285714285714,1455,0.5024054982817869,22,593,0.45699831365935917
unet_standard,41,2,Subject_02,Image_02L,62386,577613,9447,15269,0.9835855177483064,0.9628171471984234,0.8033738973665572,0.9839079480802644,0.8684866287082539,0.8346623140318955,0.7162407292599481,11658,5387,1190,198,80,27,91,0.4617480645483516,0.30952380952380953,2882,0.48022206800832756,42,1321,0.5087055261165784
unet_standard,41,2,Subject_02,Image_02R,59793,576046,10138,14652,0.982438155182088,0.9624751562526017,0.8031835583316542,0.9827050891870129,0.855028528120576,0.8282955615891838,0.7069151011432557,14513,6427,680,178,72,25,81,0.4704911905880448,0.4166666666666667,2507,0.4551256481850818,37,1157,0.3949870354364736
unet_standard,41,2,Subject_03,Image_03L,63200,580764,8505,11895,0.9885530983847322,0.9692939412731575,0.8416006391903589,0.9855668633510333,0.8813890244752807,0.8610354223433242,0.7559808612440191,12974,4883,390,167,72,23,72,0.4967951735089079,0.5,2675,0.52,36,1355,0.5601476014760147
unet_standard,41,2,Subject_03,Image_03R,60190,582189,8553,12025,0.9899583555286949,0.9689602794751394,0.8334833483348335,0.9855215982611698,0.8755800590605589,0.8540132521744066,0.7452208795562599,12049,4175,497,139,86,13,40,0.6747628285321122,1.0,2418,0.7047146401985112,36,1350,0.7422222222222222
unet_standard,41,2,Subject_08,Image_08L,52893,543670,14612,8798,0.9856036643565783,0.9622402911094515,0.8573860044414906,0.973826847363877,0.7835419598548256,0.8188024397040156,0.6931968598875535,9871,4329,764,126,59,18,49,0.521050848652486,0.48214285714285715,1522,0.5387647831800263,21,551,0.5245009074410163
unet_standard,41,2,Subject_08,Image_08R,51556,546873,15760,9343,0.9823057870160561,0.9597406388124426,0.8465820456821951,0.9719888453041325,0.7658803256283796,0.8042116757009711,0.6725368188992812,9426,3661,2724,128,68,19,41,0.6056354184493697,0.9488095238095238,1811,0.6223081170623964,30,922,0.6952277657266811
unet_standard,41,3,Subject_07,Image_07L,63808,578462,12329,10697,0.9886580054217062,0.9653898415141531,0.8564257432387088,0.9791313679456863,0.8380682191313028,0.8471475418541974,0.7348273717668194,12780,4608,1217,145,72,25,48,0.5922729282489223,0.7916666666666666,2121,0.5657708628005658,31,1070,0.569158878504673
unet_standard,41,3,Subject_07,Image_07R,61833,582431,11189,10969,0.9876118013152725,0.9667507975426982,0.8493310623334523,0.9811512415349887,0.8467722056366574,0.8480497037524687,0.7361860199307069,10450,3977,1362,146,62,29,55,0.515384663509658,0.5,2057,0.5425376762275158,29,899,0.592880978865406
unet_standard,41,3,Subject_10,Image_10L,52938,586267,17066,7120,0.9858734481997747,0.9635418629435732,0.8814479336641247,0.9717137965269594,0.7562139306325353,0.814042533560917,0.6864011202738447,14442,4996,1084,142,73,18,51,0.5888890179908597,0.8940886699507389,1928,0.641597510373444,26,800,0.78
unet_standard,41,3,Subject_10,Image_10R,51048,584167,18546,8303,0.9817772552255066,0.9594465187655574,0.8601034523428417,0.9692291355918986,0.7335115096128977,0.7917794408468727,0.6553269060425947,16606,6236,1076,176,86,24,66,0.5505126607781595,0.6912058627581612,2428,0.586490939044481,35,1124,0.6592526690391459
unet_standard,41,3,Subject_11,Image_11L,45920,601493,14676,5199,0.989740814571249,0.9702152593782595,0.8982961325534538,0.9761818591977202,0.7578057957620965,0.8220919303585016,0.6979253742685615,10460,2998,850,122,73,17,32,0.6689402099594075,1.0,1695,0.6324483775811209,25,740,0.5486486486486486
unet_standard,41,3,Subject_11,Image_11R,46217,600177,14684,4906,0.9911745119168391,0.97058487891601,0.9040353656866772,0.9761181795560298,0.7588873745915502,0.8251267585517389,0.7023113042685428,9125,2539,1176,86,56,11,19,0.7013851062909083,1.0,1112,0.7248201438848921,14,431,0.7610208816705336
unet_standard,41,4,Subject_04,Image_04L,63205,578804,8353,11878,0.9907503393186804,0.9694506523314811,0.8418017394083881,0.9857738219930955,0.8832695156376645,0.8620372201498898,0.757526727072247,7163,2379,776,73,42,13,18,0.6704177325515126,1.0,1089,0.7171717171717171,14,469,0.8550106609808102
unet_standard,41,4,Subject_04,Image_04R,58351,584255,7723,15213,0.9877250186515287,0.9655378623738247,0.793200478494916,0.9869539070708708,0.8831159003541483,0.8357467165098326,0.7178392608904253,8415,3597,774,108,50,16,42,0.5396287779707252,0.7207792207792207,1364,0.6129032258064516,17,536,0.75
unet_standard,41,4,Subject_14,Image_14L,55213,590175,9897,10800,0.9898021658272653,0.9689273891470308,0.8363958614212352,0.9835069791625005,0.8479956995853172,0.8421558384112627,0.7273481754709524,13111,5231,1183,80,55,6,19,0.7172545591663239,1.0,752,0.7247340425531915,5,105,0.6952380952380952
unet_standard,41,4,Subject_14,Image_14R,46211,587374,14004,9898,0.9816742506843047,0.9636464295111539,0.8235933629186049,0.9767134813711177,0.7674333637797891,0.7945221966232248,0.6590931781552637,10232,4898,4131,35,23,1,11,0.6704761904761906,1.0,323,0.7058823529411765,2,54,1.0
unet_standard,42,0,Subject_05,Image_05L,65628,578730,11416,10014,0.9900660874881073,0.967812576976455,0.8676132307448243,0.9806556343684444,0.8518249312081408,0.859646594972689,0.7538422660754899,9810,2243,1208,90,67,13,10,0.8206415789707746,1.0,1663,0.8719182200841852,27,1067,0.9522024367385192
unet_standard,42,0,Subject_05,Image_05R,70059,572850,11279,11456,0.9882031569098704,0.9658451063932072,0.8594614488131019,0.9806909090286563,0.8613317268681305,0.8603955714662916,0.7549949350173503,9070,2758,1292,118,76,18,24,0.7158375007124068,0.9901960784313726,1543,0.7621516526247569,18,608,0.8157894736842105
unet_standard,42,0,Subject_09,Image_09L,40971,603843,12451,7517,0.9871872725196246,0.9699630856431131,0.8449719518231315,0.9797969800127861,0.7669312268353862,0.8040624080070651,0.6723280657706887,7509,2196,3041,90,59,8,23,0.6930008613376768,1.0,1171,0.7070879590093937,15,466,0.7317596566523605
unet_standard,42,0,Subject_09,Image_09R,38369,605862,9793,10314,0.9842700832646164,0.9697337800938679,0.7881395969845737,0.9840933639782021,0.7966654208712263,0.7923795756105116,0.6561495314316985,7919,3167,1694,93,50,10,33,0.5908315515699427,1.0,1313,0.6123381568926123,18,583,0.614065180102916
unet_standard,42,0,Subject_12,Image_12L,59531,568787,20950,9396,0.9815354828089261,0.9539279511253081,0.863681866322341,0.964475690010971,0.7396901131944186,0.7968917327050761,0.6623607819575642,11247,3965,1530,110,63,15,32,0.6404455393091757,1.0,1468,0.6348773841961853,23,652,0.5920245398773006
unet_standard,42,0,Subject_12,Image_12R,63057,573947,19810,7426,0.986412744656006,0.9589967481633145,0.894641261013294,0.9666361828155289,0.7609422327343816,0.8223932181284643,0.6983597842579159,15132,4304,1213,152,107,20,25,0.7708193919911622,1.0,2020,0.7752475247524753,32,932,0.8079399141630901
unet_standard,42,1,Subject_01,Image_01L,57158,588385,8696,9612,0.9906308251221746,0.9724215222994317,0.8560431331436273,0.9854358118915189,0.8679503143317034,0.8619556038122813,0.7574006837516233,10607,4160,1975,125,65,17,43,0.5827997514680675,0.8,1812,0.5298013245033113,29,939,0.47710330138445156
unet_standard,42,1,Subject_01,Image_01R,57846,583101,6154,14737,0.9871068260764718,0.9684348737908672,0.7969634762961024,0.9895563041467615,0.90384375,0.8470453863218702,0.7346736604137826,9592,4884,1034,96,38,18,40,0.48637146414104926,0.48333333333333334,1366,0.47584187408491946,22,655,0.49923664122137407
unet_standard,42,1,Subject_06,Image_06L,57812,579971,7107,14043,0.9779701851834823,0.9679026547463855,0.8045647484517431,0.9878942832127928,0.890525115913677,0.845365347215114,0.7321496415997568,9426,4468,155,112,44,10,58,0.43476565760523533,0.17028985507246375,1540,0.4935064935064935,24,696,0.5775862068965517
unet_standard,42,1,Subject_06,Image_06R,60224,580757,10428,11227,0.9852568750342119,0.9673199162134264,0.8428713383997425,0.9823608515101026,0.8524033289928098,0.8476105360196478,0.7355243713284236,12688,5355,653,144,77,20,47,0.605966178268948,0.9666666666666667,1992,0.5637550200803213,35,1026,0.5516569200779727
unet_standard,42,1,Subject_13,Image_13L,49923,587174,14283,8982,0.9837300058144167,0.9647693234922664,0.8475171886936593,0.9762526664416575,0.7775441547518923,0.8110241976752687,0.6821200196753566,12009,4870,717,90,47,11,32,0.5682967790395327,0.8,951,0.5657202944269191,9,251,0.5976095617529881
unet_standard,42,1,Subject_13,Image_13R,49016,585455,14086,11604,0.980601633952272,0.9610852504161863,0.8085780270537777,0.9765053599336826,0.7767741117555703,0.7923570585667868,0.6561186517816507,13686,6108,565,109,48,13,48,0.4908942182297389,0.6153846153846154,1455,0.5051546391752577,22,593,0.47892074198988194
unet_standard,42,2,Subject_02,Image_02L,61160,578661,8399,16495,0.9835834426912613,0.9625493632609464,0.7875861180864079,0.9856931148434572,0.8792535832890065,0.8308992351270938,0.7107165268319893,11658,5397,907,198,73,29,96,0.4479893475949292,0.3904761904761905,2882,0.4590562109646079,42,1321,0.4693414080242241
unet_standard,42,2,Subject_02,Image_02R,59021,577274,8910,15424,0.9832936355830648,0.9631654075131427,0.792813486466519,0.9847999945409632,0.8688374968718259,0.8290863628701467,0.7080679023453902,14513,6141,270,178,75,23,80,0.4937673237579434,0.5071428571428571,2507,0.4786597526924611,37,1157,0.4070872947277442
unet_standard,42,2,Subject_03,Image_03L,61761,580704,8565,13334,0.9879668757951828,0.9670376480363174,0.8224382448898062,0.9854650422811992,0.878210050337002,0.8494096450994011,0.7382381066220416,12974,4871,744,167,71,18,78,0.4749155311686898,0.3333333333333333,2675,0.48934579439252335,36,1355,0.5261992619926199
unet_standard,42,2,Subject_03,Image_03R,59675,582015,8727,12540,0.9898977699981194,0.9679209963843809,0.8263518659558263,0.9852270534344942,0.8724160112277419,0.8487593960900887,0.7372563069852487,12049,3954,355,139,87,13,39,0.6722993477025572,1.0,2418,0.6993382961124897,36,1350,0.7237037037037037
unet_standard,42,2,Subject_08,Image_08L,52890,543512,14770,8801,0.9848713431432253,0.9619806023810714,0.857337374981764,0.9735438362691257,0.7817026308010642,0.8177748915740891,0.6917251932357672,9871,3815,644,126,60,23,43,0.5612332000883495,0.6609195402298851,1522,0.5696452036793692,21,551,0.5353901996370236
unet_standard,42,2,Subject_08,Image_08R,51662,546761,15872,9237,0.9828451698625541,0.9597310162108761,0.8483226325555427,0.9717897812606086,0.7649776408919952,0.8044972865229342,0.672936395253416,9426,3320,2530,128,72,15,41,0.6166759254085902,0.9821428571428572,1811,0.6294864715626726,30,922,0.6919739696312365
unet_standard,42,3,Subject_07,Image_07L,64231,578975,11816,10274,0.9888171108024213,0.9667967340852793,0.8621032145493591,0.979999695323727,0.8446224045655976,0.8532732876348371,0.7440947162335932,12780,4825,952,145,66,25,54,0.5529687659798224,0.6666666666666666,2121,0.5313531353135313,31,1070,0.5373831775700935
unet_standard,42,3,Subject_07,Image_07R,61257,583673,9947,11545,0.9873264666328737,0.9677501643103019,0.8414191917804456,0.9832434891007715,0.8603027919779788,0.8507562184908962,0.7402748069463075,10450,4462,1108,146,50,23,73,0.4171998908485583,0.20454545454545453,2057,0.4219737481769567,29,899,0.42602892102335926
unet_standard,42,3,Subject_10,Image_10L,52552,587602,15731,7506,0.986323626246234,0.964972391847342,0.8750208132138932,0.9739265049317707,0.7696205497708067,0.8189432839077146,0.6933987781868081,14442,5760,520,142,60,22,60,0.4950753524807061,0.44155844155844154,1928,0.5622406639004149,26,800,0.7025
unet_standard,42,3,Subject_10,Image_10R,51056,583204,19509,8295,0.9805497570466524,0.9580040600304502,0.8602382436690199,0.9676313601996307,0.7235314957840289,0.7859847901721112,0.6474258179051484,16606,6523,1197,176,86,15,75,0.5303825371964641,0.6472868217054264,2428,0.5617792421746294,35,1124,0.6236654804270463
unet_standard,42,3,Subject_11,Image_11L,46758,600264,15905,4361,0.9906474145641236,0.9696293054872859,0.9146892544846339,0.9741872765426368,0.7461819574549575,0.8218874690197043,0.6976306994509429,10460,2834,823,122,70,17,35,0.6417342428949165,1.0,1695,0.6005899705014749,25,740,0.4891891891891892
unet_standard,42,3,Subject_11,Image_11R,46580,598546,16315,4543,0.9908770597104919,0.9686809292715741,0.911135887956497,0.9734655474977272,0.7405994117179426,0.8170639723552422,0.690708502624633,9125,2561,1081,86,51,13,22,0.6466147356496342,0.8944444444444444,1112,0.6816546762589928,14,431,0.6821345707656613
unet_standard,42,4,Subject_04,Image_04L,65072,576780,10377,10011,0.9901555981310134,0.9692135781589756,0.8666675545729393,0.9823267030794148,0.8624633858632984,0.8645603592591609,0.7614322490053826,7163,2116,914,73,50,8,15,0.7447696727908775,1.0,1089,0.7796143250688705,14,469,0.8400852878464818
unet_standard,42,4,Subject_04,Image_04R,60483,582498,9480,13081,0.9877157833592021,0.9661013129148874,0.8221820455657659,0.9839858913675846,0.8644998070408645,0.8428100636117246,0.7283247435094649,8415,3273,956,108,51,18,39,0.5577287331795945,0.6833333333333333,1364,0.6209677419354839,17,536,0.7294776119402985
unet_standard,42,4,Subject_14,Image_14L,57063,588448,11624,8950,0.9905277986095412,0.9691120502638552,0.8644206444185236,0.9806289911877242,0.830768558824814,0.847260579064588,0.7349974883109858,13111,4841,1185,80,56,8,16,0.7443770422688767,1.0,752,0.7446808510638298,5,105,0.6761904761904762
unet_standard,42,4,Subject_14,Image_14R,47946,586358,15020,8163,0.9829184479137238,0.9647399872545008,0.8545153183981179,0.9750240281486852,0.7614585649398088,0.805307579256771,0.674071054000478,10232,4588,3374,35,23,1,11,0.6711904761904762,1.0,323,0.7089783281733746,2,54,1.0
unet_standard,43,0,Subject_05,Image_05L,64667,580227,9919,10975,0.9900324758970533,0.9686176380469459,0.8549086486343566,0.9831922947880694,0.867012576086665,0.860918071198445,0.7557999555872419,9810,2582,942,90,63,13,14,0.773082989832822,1.0,1663,0.8382441371016236,27,1067,0.915651358950328
unet_standard,43,0,Subject_05,Image_05R,69305,574166,9963,12210,0.9891667301556585,0.9666894015419654,0.8502116174937128,0.982943836036218,0.8743124589998487,0.8620936293016053,0.7576138525109862,9070,3057,852,118,75,15,28,0.6890921687562708,1.0,1543,0.7271548930654569,18,608,0.7368421052631579
unet_standard,43,0,Subject_09,Image_09L,40499,606833,9461,7989,0.98639142139504,0.9737507934932053,0.8352375845570038,0.9846485605895887,0.8106285028022417,0.8227490654965057,0.6988731470776027,7509,2667,1472,90,49,15,26,0.6375204179038683,1.0,1171,0.6319385140905209,15,466,0.6223175965665236
unet_standard,43,0,Subject_09,Image_09R,37769,607293,8362,10914,0.9853805158218066,0.9709846493802854,0.7758149662099706,0.9864177177152789,0.8187336064685352,0.7966966903621828,0.6620913314050311,7919,3450,1451,93,44,18,31,0.5833584402247035,0.7,1313,0.6039603960396039,18,583,0.614065180102916
unet_standard,43,0,Subject_12,Image_12L,59195,570403,19334,9732,0.9822499006251715,0.9558712788310884,0.8588071437898066,0.9672158945428216,0.7537979599893033,0.8028835720486112,0.6706812748552589,11247,4565,1374,110,55,20,35,0.5901744341517069,0.775,1468,0.5837874659400545,23,652,0.5460122699386503
unet_standard,43,0,Subject_12,Image_12R,62174,576248,17509,8309,0.9871668576656523,0.9611315187281705,0.8821134174198033,0.9705115055485661,0.7802668072236236,0.8280702689024146,0.706586962451132,15132,4985,1007,152,105,16,31,0.7450860139698549,1.0,2020,0.7524752475247525,32,932,0.776824034334764
unet_standard,43,1,Subject_01,Image_01L,56184,588683,8398,10586,0.9905127718980267,0.9714032215060308,0.841455743597424,0.985934906654206,0.8699637669938992,0.8554723186552166,0.7474457215836526,10607,4620,1924,125,61,19,45,0.5660011817159565,0.7,1812,0.5066225165562914,29,939,0.47710330138445156
unet_standard,43,1,Subject_01,Image_01R,56734,584017,5238,15849,0.9859841052291705,0.9681387288127911,0.781643084468815,0.9911108094118845,0.9154779577873878,0.8432834157036156,0.7290320093548014,9592,5146,720,96,37,16,43,0.48116996113188054,0.4423076923076923,1366,0.47218155197657397,22,655,0.4687022900763359
unet_standard,43,1,Subject_06,Image_06L,56533,581435,5643,15322,0.9764605926539063,0.9681834116670436,0.7867650128731473,0.9903879893302082,0.9092415079773546,0.8435809626131268,0.7294768897261865,9426,5110,124,112,36,12,64,0.37549056387249014,0.0,1540,0.44935064935064933,24,696,0.5589080459770115
unet_standard,43,1,Subject_06,Image_06R,59788,581973,9212,11663,0.9866043552940681,0.9684970330618922,0.8367692544541014,0.9844177372565271,0.8664927536231884,0.8513716527472215,0.7412072449574154,12688,5575,612,144,77,23,44,0.6026592678209776,0.9089068825910931,1992,0.5717871485943775,35,1026,0.5779727095516569
unet_standard,43,1,Subject_13,Image_13L,48931,588151,13306,9974,0.9840889894287189,0.9647466086782704,0.8306765130294542,0.97787705521758,0.7862043478959462,0.8078288289775635,0.6776114442397972,12009,5472,712,90,43,11,36,0.520723992861674,0.6442687747035574,951,0.5141955835962145,9,251,0.545816733067729
unet_standard,43,1,Subject_13,Image_13R,47901,586081,13460,12719,0.9794718926106262,0.9603445220181137,0.7901847575057737,0.9775494920280682,0.7806424276005932,0.7853846090784631,0.6466117710583154,13686,6774,931,109,41,21,47,0.4755980128590379,0.46153846153846156,1455,0.45910652920962197,22,593,0.3760539629005059
unet_standard,43,2,Subject_02,Image_02L,61417,579102,7958,16238,0.985622576503953,0.9635994373528505,0.7908956280986414,0.9864443157428542,0.8852900900900901,0.8354349452492689,0.7173793699554974,11658,4995,223,198,82,19,97,0.46501895943690896,0.27884615384615385,2882,0.49410131852879946,42,1321,0.5367146101438305
unet_standard,43,2,Subject_02,Image_02R,58725,576868,9316,15720,0.9832839248388388,0.9621027838620466,0.7888373967358453,0.9841073792529308,0.8630825531664732,0.8242915093412686,0.701101944819188,14513,5898,321,178,78,22,78,0.5014153332212173,0.5916666666666667,2507,0.4846429996011169,37,1157,0.41745894554883317
unet_standard,43,2,Subject_03,Image_03L,62647,580714,8555,12448,0.9892523111535726,0.968386306301967,0.8342366335974433,0.985482012459505,0.8798488806494199,0.8564358804350055,0.7489181111775254,12974,4436,297,167,80,16,71,0.5287100945494703,0.6818181818181818,2675,0.5532710280373832,36,1355,0.6081180811808118
unet_standard,43,2,Subject_03,Image_03R,60345,581204,9538,11870,0.9899798867679253,0.967708312907172,0.8356297168178356,0.9838542036963683,0.8635147317659516,0.8493434108854453,0.7381380499798172,12049,3493,491,139,90,17,32,0.7137927378133232,1.0,2418,0.739867659222498,36,1350,0.7666666666666667
unet_standard,43,2,Subject_08,Image_08L,51583,545417,12865,10108,0.9857441946847526,0.9629451605150547,0.8361511403608306,0.9769560902912865,0.8003817030784508,0.8178755182774559,0.6918691989913622,9871,3752,215,126,64,16,46,0.5701334446902934,0.8,1522,0.5847568988173456,21,551,0.5607985480943739
unet_standard,43,2,Subject_08,Image_08R,51355,547221,15412,9544,0.9831851082201334,0.9599763925508233,0.8432814988751868,0.9726073657250819,0.7691674030583971,0.8045211724343208,0.6729698208646198,9426,3350,2845,128,70,19,39,0.6146705812358274,0.9421428571428572,1811,0.6438431805632248,30,922,0.7245119305856833
unet_standard,43,3,Subject_07,Image_07L,63969,577958,12833,10536,0.9882896268649514,0.9648742815228109,0.8585866720354338,0.9782782743812956,0.8329079971875732,0.8455524199144785,0.7324303281504042,12780,4905,1361,145,69,25,51,0.5710432313140698,0.7368421052631579,2121,0.5421970768505422,31,1070,0.5373831775700935
unet_standard,43,3,Subject_07,Image_07R,62508,581867,11753,10294,0.987378786356131,0.9669173586706321,0.8586027856377572,0.9802011387756477,0.8417338845423573,0.8500846575957243,0.7392584708178109,10450,3851,1353,146,56,31,59,0.49042021162201727,0.47213930348258704,2057,0.5017015070491007,29,899,0.5105672969966629
unet_standard,43,3,Subject_10,Image_10L,53024,585782,17551,7034,0.9868514011899129,0.9629404076932006,0.8828798827799793,0.9709099286795186,0.7513142047467234,0.8118009997473838,0.6832197296705279,14442,5266,1150,142,71,16,55,0.5442951051119878,0.788888888888889,1928,0.608402489626556,26,800,0.72625
unet_standard,43,3,Subject_10,Image_10R,51845,581009,21704,7506,0.9783586726726478,0.9558803982696537,0.873532038213341,0.9639894941705256,0.704904213517519,0.7802106847253574,0.6396274134846709,16606,5792,1401,176,86,23,67,0.5508299598398868,0.6866028708133971,2428,0.5877265238879736,35,1124,0.652135231316726
unet_standard,43,3,Subject_11,Image_11L,46887,599905,16264,4232,0.9898641948658385,0.9692846267278896,0.9172127780277392,0.9736046441804116,0.74245855172523,0.8206353373588868,0.6958283246516184,10460,2623,824,122,74,12,36,0.6585202802502198,1.0,1695,0.6206489675516225,25,740,0.5337837837837838
unet_standard,43,3,Subject_11,Image_11R,46460,598979,15882,4663,0.9905877018679636,0.9691509105323851,0.9087886078673004,0.974169771704499,0.7452439767732829,0.818930947869387,0.693381090963361,9125,2609,1308,86,48,17,21,0.6526075608686535,0.95,1112,0.6798561151079137,14,431,0.703016241299304
unet_standard,43,4,Subject_04,Image_04L,64238,578447,8710,10845,0.9910560534251122,0.9704714302971732,0.8555598471025398,0.9851658074416212,0.8805998793661238,0.8678992913646466,0.7666272839019966,7163,2372,534,73,42,12,19,0.6502988289179363,0.95,1089,0.6978879706152433,14,469,0.8550106609808102
unet_standard,43,4,Subject_04,Image_04R,59067,583976,8002,14497,0.9869502269590892,0.9661944700710098,0.8029335000815616,0.9864826057725118,0.8806900356349431,0.8400162124110273,0.7241620282961038,8415,3548,559,108,49,14,45,0.5214223809440838,0.6428571428571428,1364,0.5843108504398827,17,536,0.6828358208955224
unet_standard,43,4,Subject_14,Image_14L,56278,589120,10952,9735,0.990343089825136,0.9689424022459596,0.8525290473088634,0.9817488568038502,0.8370965342852893,0.8447423129170013,0.7312154875592802,13111,5035,1029,80,58,5,17,0.7479004354778349,1.0,752,0.7632978723404256,5,105,0.6761904761904762
unet_standard,43,4,Subject_14,Image_14R,47102,587847,13531,9007,0.9847329748476082,0.9657209952440124,0.8394731682974211,0.9775000083142383,0.7768376956442861,0.806941803292731,0.6763641585295807,10232,4800,3040,35,23,3,9,0.6924816849816849,1.0,323,0.7306501547987616,2,54,1.0
unet_dpd_v3,41,0,Subject_05,Image_05L,65117,579444,10702,10525,0.9902940505186312,0.9681174788371073,0.8608577245445652,0.9818655044683858,0.8588480460042998,0.8598517110015119,0.7541577874548319,9810,2643,768,90,62,13,15,0.7600533546330586,1.0,1663,0.8190018039687312,27,1067,0.895032802249297
unet_dpd_v3,41,0,Subject_05,Image_05R,69739,574537,9592,11776,0.9891225259064806,0.9678987566927667,0.8555357909587192,0.9835789697138817,0.8790888807654007,0.8671524315183468,0.7654625879460415,9070,3332,643,118,66,17,35,0.6223216207675072,0.8885245901639345,1543,0.6571613739468568,18,608,0.6875
unet_dpd_v3,41,0,Subject_09,Image_09L,39895,605364,10930,8593,0.985506015716806,0.9706324780153494,0.8227808942418743,0.982264957958377,0.7849483521888834,0.8034194919094177,0.6714295331381063,7509,2683,3164,90,47,7,36,0.5651711205280897,0.9019138755980861,1171,0.569598633646456,15,466,0.5536480686695279
unet_dpd_v3,41,0,Subject_09,Image_09R,37615,606505,9150,11068,0.9838101522921276,0.9695666964707724,0.7726516443111558,0.9851377800878739,0.8043408532021811,0.7881778560053642,0.6504072069579652,7919,3503,2343,93,42,5,46,0.4821193437108211,0.2222222222222222,1313,0.5285605483625285,18,583,0.5557461406518011
unet_dpd_v3,41,0,Subject_12,Image_12L,58739,570453,19284,10188,0.9807703768816285,0.9552548795744112,0.8521914489242242,0.9673006780988813,0.7528421106596773,0.7994419870704321,0.6658920089331263,11247,4697,1153,110,55,19,36,0.5858097500142956,0.788888888888889,1468,0.5762942779291553,23,652,0.5368098159509203
unet_dpd_v3,41,0,Subject_12,Image_12R,61098,576423,17334,9385,0.985706071029666,0.9597750812959172,0.8668473248868521,0.9708062389159201,0.7789932680538556,0.8205754960883725,0.6957422822460344,15132,5761,955,152,96,21,35,0.6983790857861224,1.0,2020,0.7029702970297029,32,932,0.7360515021459227
unet_dpd_v3,41,1,Subject_01,Image_01L,57107,589368,7713,9663,0.9915859590184667,0.9738254517956589,0.8552793170585592,0.9870821546825305,0.8810089478556001,0.8679534919066798,0.7667118671374676,10607,4103,1701,125,69,18,38,0.6205085567392208,0.8823529411764706,1812,0.5711920529801324,29,939,0.5122470713525027
unet_dpd_v3,41,1,Subject_01,Image_01R,56342,584095,5160,16241,0.986977328168799,0.9676642924703628,0.7762423708030806,0.991243179947561,0.9161002894214823,0.8403922884737294,0.7247211967636957,9592,4886,897,96,40,15,41,0.5005287204595869,0.5192307692307692,1366,0.4743777452415813,22,655,0.47480916030534354
unet_dpd_v3,41,1,Subject_06,Image_06L,57063,579951,7127,14792,0.9786909923740742,0.9667356165194337,0.7941409783591956,0.9878602161893308,0.8889702445863842,0.8388841927303465,0.7224810716365754,9426,4367,409,112,46,16,50,0.485294740412474,0.4097222222222222,1540,0.5240259740259741,24,696,0.5919540229885057
unet_dpd_v3,41,1,Subject_06,Image_06R,59870,581747,9438,11581,0.9866190885874162,0.9682797191821755,0.837916894095254,0.9840354542148397,0.8638252438390951,0.850673846787772,0.7401500822114255,12688,5371,659,144,77,19,48,0.5964804194843374,0.875,1992,0.5697791164658634,35,1026,0.5672514619883041
unet_dpd_v3,41,1,Subject_13,Image_13L,49883,587828,13629,9022,0.9841884925604567,0.9656991165451676,0.8468381291910704,0.9773400259702688,0.7854106310618466,0.8149685092756725,0.6877188628780986,12009,4837,795,90,50,9,31,0.6009750280583614,0.8888888888888888,951,0.6035751840168244,9,251,0.6693227091633466
unet_dpd_v3,41,1,Subject_13,Image_13R,48395,585939,13602,12225,0.9799452421859348,0.960877725282166,0.7983338832068624,0.9773126441727922,0.7806022872074455,0.789368521493757,0.6520303953005847,13686,6308,902,109,44,17,48,0.4845199543888709,0.42857142857142855,1455,0.48041237113402063,22,593,0.42833052276559863
unet_dpd_v3,41,2,Subject_02,Image_02L,61019,578054,9006,16636,0.983235032731964,0.9614240689618859,0.785770394694482,0.9846591489796613,0.8713887897179579,0.8263678223185266,0.7041114226699438,11658,5295,485,198,75,27,96,0.44168975261546517,0.29166666666666663,2882,0.46564885496183206,42,1321,0.5094625283875852
unet_dpd_v3,41,2,Subject_02,Image_02R,59111,576703,9481,15334,0.9827389341424331,0.9624373135299843,0.7940224326684129,0.9838258976703561,0.8617768836015862,0.8265134196047177,0.7043228558492005,14513,6512,230,178,63,23,92,0.41992890319649157,0.16666666666666666,2507,0.41204627044276027,37,1157,0.3656006914433881
unet_dpd_v3,41,2,Subject_03,Image_03L,63538,579489,9780,11557,0.9884529245261198,0.9678835698502628,0.8461016046341301,0.9834031656170611,0.8666084726806514,0.8562322707579525,0.7486067746686303,12974,4357,504,167,79,22,66,0.5297269020618576,0.5909090909090909,2675,0.5566355140186916,36,1355,0.6162361623616236
unet_dpd_v3,41,2,Subject_03,Image_03R,60281,581122,9620,11934,0.9898938182450299,0.9674880874626861,0.8347434743474348,0.9837153952148315,0.8623767900316162,0.8483351628247348,0.736616362192216,12049,3847,398,139,86,16,37,0.6824864045802521,1.0,2418,0.7096774193548387,36,1350,0.7274074074074074
unet_dpd_v3,41,2,Subject_08,Image_08L,51405,544006,14276,10286,0.9842052975219293,0.9603821456740858,0.8332657924170462,0.9744286937425889,0.7826464274295458,0.807163269792419,0.6766753985283084,9871,3974,539,126,60,17,49,0.5410852331839442,0.6333333333333333,1522,0.557161629434954,21,551,0.5172413793103449
unet_dpd_v3,41,2,Subject_08,Image_08R,51447,546572,16061,9452,0.982341557653365,0.9590830943720611,0.8447921969162056,0.971453860687162,0.7620874563014753,0.8013114549829838,0.6684901247401247,9426,3633,2916,128,64,18,46,0.5711009605848358,0.8131313131313131,1811,0.6068470458310325,30,922,0.6963123644251626
unet_dpd_v3,41,3,Subject_07,Image_07L,64107,578132,12659,10398,0.9881984777038777,0.9653432457131863,0.8604388967183411,0.9785727947785258,0.835096266576349,0.8475781874913235,0.7354756550869626,12780,4788,1309,145,64,26,55,0.5442297985673666,0.6666666666666666,2121,0.5172088637435172,31,1070,0.5205607476635514
unet_dpd_v3,41,3,Subject_07,Image_07R,61610,582291,11329,11192,0.9874877877136342,0.966206097637833,0.8462679596714376,0.980915400424514,0.8446784299208928,0.8454724476983141,0.7323103255637042,10450,4188,1602,146,53,24,69,0.4423515817325364,0.3038461538461539,2057,0.47010209042294604,29,899,0.5272525027808677
unet_dpd_v3,41,3,Subject_10,Image_10L,52454,586923,16410,7604,0.9860294463552313,0.9638011368860898,0.8733890572446635,0.9728010899453535,0.7617042286245354,0.813732334279642,0.6859601401893602,14442,5600,829,142,63,16,63,0.5046664900905691,0.5284900284900285,1928,0.5850622406639004,26,800,0.7725
unet_dpd_v3,41,3,Subject_10,Image_10R,50671,584630,18083,8680,0.980566138608686,0.9595764155731168,0.853751411096696,0.9699973287451905,0.736989847863397,0.7910854377268647,0.6543766304207455,16606,6855,635,176,81,17,78,0.5158894528382767,0.6,2428,0.5481878088962109,35,1124,0.6129893238434164
unet_dpd_v3,41,3,Subject_11,Image_11L,46320,600128,16041,4799,0.98942559541662,0.968769107192097,0.906121011756881,0.973966557876167,0.7427719247606678,0.8163553048995418,0.6896962477665277,10460,2986,1014,122,74,11,37,0.6567570223372639,1.0,1695,0.6171091445427729,25,740,0.5391891891891892
unet_dpd_v3,41,3,Subject_11,Image_11R,46672,598206,16655,4451,0.9902625558501532,0.968308547953104,0.9129354693582145,0.9729125769889455,0.7370000157910528,0.8155875928352992,0.6886010209802591,9125,2469,1353,86,52,13,21,0.671885371744112,1.0,1112,0.6969424460431655,14,431,0.7146171693735499
unet_dpd_v3,41,4,Subject_04,Image_04L,65067,576347,10810,10016,0.9897853559843588,0.9685521865184827,0.8666009616024932,0.9815892512564782,0.8575325856320097,0.8620429252782194,0.7575355384024309,7163,2043,1098,73,48,10,15,0.734780213463997,1.0,1089,0.7805325987144169,14,469,0.8550106609808102
unet_dpd_v3,41,4,Subject_04,Image_04R,59539,582966,9012,14025,0.9869628347390341,0.9653861063614317,0.8093496819096297,0.9847764612874127,0.868535834634068,0.8378988847060479,0.7210206355357489,8415,3388,807,108,54,18,36,0.5743045328081295,0.7846153846153847,1364,0.6290322580645161,17,536,0.7406716417910447
unet_dpd_v3,41,4,Subject_14,Image_14L,56909,588795,11277,9104,0.9905142680880203,0.9694018030731814,0.8620877705906412,0.9812072551293844,0.8346141436658552,0.8481285255478804,0.7363048259800751,13111,4351,1346,80,62,5,13,0.8066354369314895,1.0,752,0.8111702127659575,5,105,0.7428571428571429
unet_dpd_v3,41,4,Subject_14,Image_14R,46797,587452,13926,9312,0.9833895448450629,0.9646563354104339,0.8340373202160082,0.9768431834885879,0.770663504767551,0.8010990139687757,0.6681944741914757,10232,4635,3504,35,24,1,10,0.6979761904761905,1.0,323,0.7337461300309598,2,54,1.0
unet_dpd_v3,42,0,Subject_05,Image_05L,65608,578929,11217,10034,0.9900082425016328,0.9680814313264883,0.8673488273710372,0.9809928390601648,0.8539928408721119,0.8606190191975969,0.7553391128150221,9810,2350,1009,90,64,11,15,0.7794842950608989,1.0,1663,0.8298256163559832,27,1067,0.9072164948453608
unet_dpd_v3,42,0,Subject_05,Image_05R,70043,572760,11369,11472,0.9880206546262941,0.9656858621124805,0.8592651659203827,0.9805368334734279,0.8603522822188375,0.8598083804403199,0.7540911244132467,9070,2828,1148,118,79,16,23,0.7337226886520549,1.0,1543,0.7686325340246274,18,608,0.7911184210526315
unet_dpd_v3,42,0,Subject_09,Image_09L,40703,605537,10757,7785,0.9875810832737723,0.972108149739313,0.8394448110872793,0.9825456681389078,0.7909638554216868,0.8144835314363469,0.6870284412186682,7509,2379,1801,90,56,10,24,0.6892584031165104,1.0,1171,0.6917164816396243,15,466,0.6866952789699571
unet_dpd_v3,42,0,Subject_09,Image_09R,37866,607216,8439,10817,0.9827859024831347,0.9710147545375999,0.7778074481851981,0.9862926476679309,0.8177518626498218,0.7972796563776477,0.6628969573894471,7919,3378,767,93,44,9,40,0.5234832382949779,0.625,1313,0.5544554455445545,18,583,0.5883361921097771
unet_dpd_v3,42,0,Subject_12,Image_12L,59640,568931,20806,9287,0.9804863277737735,0.9543120619921538,0.8652632495248597,0.964719866652423,0.7413668796459737,0.7985378883734008,0.6646384273344255,11247,4082,1398,110,60,15,35,0.6071162339344157,0.9722222222222222,1468,0.5946866485013624,23,652,0.5322085889570553
unet_dpd_v3,42,0,Subject_12,Image_12R,62751,574325,19432,7732,0.9863467143004219,0.959105142719499,0.8902997886015067,0.9672728068890135,0.7635520728131122,0.8220690920047686,0.6978924539843185,15132,4566,1130,152,106,20,26,0.7632917171695428,1.0,2020,0.7618811881188119,32,932,0.778969957081545
unet_dpd_v3,42,1,Subject_01,Image_01L,57118,588116,8965,9652,0.9906496154914421,0.9719560564042232,0.8554440617043583,0.9849852867533886,0.8643372728235703,0.8598676732930381,0.7541823463392091,10607,3737,1861,125,73,13,39,0.6343902242953161,1.0,1812,0.5938189845474614,29,939,0.5708200212992546
unet_dpd_v3,42,1,Subject_01,Image_01R,58249,582877,6378,14334,0.9859168195728635,0.9687053327249266,0.8025157406004161,0.9891761631212294,0.9013105977377877,0.8490489031411704,0.7376932916249794,9592,4358,799,96,45,13,38,0.5400579226681778,0.6794871794871795,1366,0.5175695461200586,22,655,0.4900763358778626
unet_dpd_v3,42,1,Subject_06,Image_06L,57991,579736,7342,13864,0.9709407520155307,0.9678176688676997,0.8070558764177859,0.9874939956871148,0.8876218756218144,0.845423797999825,0.7322373322221801,9426,4211,460,112,49,10,53,0.4714387162900775,0.2426470588235294,1540,0.5227272727272727,24,696,0.603448275862069
unet_dpd_v3,42,1,Subject_06,Image_06R,61222,580174,11011,10229,0.9866298857654523,0.9679462027417768,0.8568389525688934,0.9813746965839797,0.8475627483283263,0.8521756075833078,0.7424268147752905,12688,4628,914,144,85,19,40,0.6482824746959859,1.0,1992,0.6270080321285141,35,1026,0.6140350877192983
unet_dpd_v3,42,1,Subject_13,Image_13L,49839,587249,14208,9066,0.9849931966491177,0.9647556946038688,0.8460911637382226,0.9763773636353056,0.7781629116117851,0.8107066172164747,0.681670838291412,12009,4667,817,90,49,7,34,0.5804431216931217,0.8819444444444444,951,0.5646687697160884,9,251,0.5378486055776892
unet_dpd_v3,42,1,Subject_13,Image_13R,49592,585073,14468,11028,0.9794806150261532,0.9613791181242152,0.8180798416364237,0.9758682058441375,0.7741492350921012,0.7955085017645172,0.6604517366290219,13686,5572,573,109,51,16,42,0.5337337333270376,0.6296296296296297,1455,0.5436426116838488,22,593,0.4873524451939292
unet_dpd_v3,42,2,Subject_02,Image_02L,63338,577044,10016,14317,0.9848481403310817,0.9633933339852417,0.8156332496297727,0.9829387115456683,0.8634566622133762,0.8388639087736492,0.7224509815104196,11658,4635,649,198,90,29,79,0.5296512660499348,0.6333333333333333,2882,0.5537820957668286,42,1321,0.5919757759273278
unet_dpd_v3,42,2,Subject_02,Image_02R,59858,575248,10936,14587,0.9817509623231988,0.96136560762546,0.8040566861441333,0.9813437418967423,0.8455236319462102,0.8242689635703909,0.7010693245569858,14513,5637,758,178,80,25,73,0.5149512797529172,0.6,2507,0.504188272836059,37,1157,0.44165946413137425
unet_dpd_v3,42,2,Subject_03,Image_03L,63559,579052,10217,11536,0.9885907222383721,0.9672574070840684,0.8463812504161395,0.9826615688251037,0.8615132292344394,0.8538802050097064,0.7450182858214554,12974,4229,589,167,82,25,60,0.5632157262675013,0.7333333333333333,2675,0.5872897196261683,36,1355,0.6457564575645757
unet_dpd_v3,42,2,Subject_03,Image_03R,60133,581178,9564,12082,0.9893070005212392,0.967349315264791,0.8326940386346326,0.983810191251003,0.8627774509663256,0.8474688539376515,0.7353110211668032,12049,3408,514,139,92,12,35,0.7041822332369501,1.0,2418,0.728287841191067,36,1350,0.7474074074074074
unet_dpd_v3,42,2,Subject_08,Image_08L,52599,543574,14708,9092,0.9856976663415097,0.9616112314568538,0.8526203173882738,0.9736548912556736,0.7814788952114936,0.8155010155196205,0.6884775978743177,9871,3657,594,126,73,20,33,0.6385833855363658,1.0,1522,0.6386333771353482,21,551,0.5952813067150635
unet_dpd_v3,42,2,Subject_08,Image_08R,51997,546952,15681,8902,0.9824849039796305,0.9605745976148778,0.8538235439005567,0.9721292565491182,0.7682998906587074,0.8088071739113527,0.6789892922434055,9426,3270,2686,128,70,20,38,0.6192510145651737,0.9380252100840336,1811,0.6515737161789067,30,922,0.7321041214750542
unet_dpd_v3,42,3,Subject_07,Image_07L,63959,578995,11796,10546,0.9889413643290389,0.96641795531613,0.8584524528555131,0.9800335482429489,0.8442875057751964,0.8513110608278983,0.7411153984310727,12780,4903,1064,145,71,22,52,0.5663276217580411,0.7777777777777778,2121,0.5454974068835455,31,1070,0.5579439252336449
unet_dpd_v3,42,3,Subject_07,Image_07R,61383,583917,9703,11419,0.9877431676261441,0.9683053680700817,0.8431499134639159,0.9836545264647417,0.8635033621247503,0.8532052707661515,0.7439912732561663,10450,4408,1025,146,54,23,69,0.4417078539114868,0.26785714285714285,2057,0.45405930967428293,29,899,0.4783092324805339
unet_dpd_v3,42,3,Subject_10,Image_10L,52489,587784,15549,7569,0.9876017896271936,0.965151773237804,0.8739718272336742,0.9742281625569958,0.7714659455010435,0.819525980514614,0.6942346608118296,14442,5592,789,142,66,17,59,0.52398369726761,0.6076923076923078,1928,0.5902489626556017,26,800,0.73625
unet_dpd_v3,42,3,Subject_10,Image_10R,50838,584178,18535,8513,0.9803607119841328,0.9591459435945769,0.8565651800306651,0.9692473864011562,0.7328211263748144,0.7898760137969609,0.652723210846622,16606,6622,925,176,80,23,73,0.52608427177754,0.6666666666666666,2428,0.5601317957166392,35,1124,0.6379003558718861
unet_dpd_v3,42,3,Subject_11,Image_11L,46369,601282,14887,4750,0.9909076832258299,0.9705719269640695,0.9070795594593009,0.9758394206784178,0.7569707457228679,0.8252547274749722,0.7024967427203588,10460,3006,723,122,72,16,34,0.6431618965031389,1.0,1695,0.5958702064896755,25,740,0.4797297297297297
unet_dpd_v3,42,3,Subject_11,Image_11R,46172,599896,14965,4951,0.9906679410356813,0.9700953776667307,0.9031551356532285,0.9756611656943602,0.7552218787313738,0.8225904151077855,0.69864423193318,9125,2759,1014,86,50,13,23,0.6467566832805042,0.9727272727272727,1112,0.6717625899280576,14,431,0.6751740139211136
unet_dpd_v3,42,4,Subject_04,Image_04L,65014,577155,10002,10069,0.9904804726490762,0.9696922565837158,0.8658950761157652,0.9829653738267619,0.8666684440652661,0.8662815874855928,0.7641064817535406,7163,2122,963,73,49,9,15,0.7408690210644238,1.0,1089,0.7695133149678605,14,469,0.8464818763326226
unet_dpd_v3,42,4,Subject_04,Image_04R,60052,582891,9087,13512,0.9877344836429937,0.966044216593393,0.8163232015659834,0.9846497673900043,0.8685691143927451,0.8416361253792842,0.7265731812077288,8415,3238,825,108,51,17,40,0.5499527967143014,0.7142857142857143,1364,0.623900293255132,17,536,0.7425373134328358
unet_dpd_v3,42,4,Subject_14,Image_14L,56872,588564,11508,9141,0.9905407092391799,0.9689994520218891,0.8615272749306955,0.9808223013238412,0.8317051769523253,0.8463536047264366,0.7336334670605384,13111,4919,1167,80,57,6,17,0.7497514357847176,1.0,752,0.7486702127659575,5,105,0.6761904761904762
unet_dpd_v3,42,4,Subject_14,Image_14R,47528,586917,14461,8581,0.9831103626688196,0.9649544401638359,0.8470655331586733,0.975953559990555,0.7667166755392085,0.8048908533590746,0.6734873175570356,10232,4704,3334,35,23,0,12,0.6589285714285714,1.0,323,0.6996904024767802,2,54,1.0
unet_dpd_v3,43,0,Subject_05,Image_05L,65149,579620,10526,10493,0.9902851277347423,0.9684298905958053,0.8612807699426245,0.9821637357535254,0.8609051866534523,0.8610929373434578,0.7560695385758054,9810,2386,1165,90,63,14,13,0.786866386933736,1.0,1663,0.8496692723992784,27,1067,0.9250234301780693
unet_dpd_v3,43,0,Subject_05,Image_05R,69380,574177,9952,12135,0.9889864765517133,0.9668185997319889,0.8511316935533337,0.9829626674929681,0.8745525134876216,0.8626831709637108,0.7585249324893131,9070,2940,841,118,73,16,29,0.6801489281012284,1.0,1543,0.7252106286454958,18,608,0.7582236842105263
unet_dpd_v3,43,0,Subject_09,Image_09L,40035,607017,9277,8453,0.9865726769833834,0.973329602787079,0.8256682065665731,0.984947119394315,0.8118713497728748,0.8187116564417178,0.6930667359127499,7509,2734,1309,90,48,15,27,0.6097314468012215,0.9666666666666667,1171,0.6165670367207515,15,466,0.628755364806867
unet_dpd_v3,43,0,Subject_09,Image_09R,37781,607406,8249,10902,0.9858817493364512,0.9711728066135009,0.7760614588254627,0.9866012620704778,0.8207907886161199,0.797799668472121,0.6636162439401391,7919,3343,1274,93,41,16,36,0.5350600796217783,0.625,1313,0.5643564356435643,18,583,0.5883361921097771
unet_dpd_v3,43,0,Subject_12,Image_12L,58626,570536,19201,10301,0.9807994849349042,0.955209332831307,0.850552033310604,0.9674414188019406,0.75328613463194,0.7989697044032872,0.6652369281045751,11247,4728,1513,110,57,17,36,0.5931273902864813,0.8660714285714286,1468,0.5810626702997275,23,652,0.5368098159509203
unet_dpd_v3,43,0,Subject_12,Image_12R,62121,576174,17583,8362,0.9870076981944548,0.9609403227749006,0.8813614630478271,0.9703868754389422,0.7793962661848841,0.8272486966248743,0.7053914109872141,15132,4844,970,152,110,15,27,0.7644393811678108,1.0,2020,0.7663366336633664,32,932,0.7832618025751072
unet_dpd_v3,43,1,Subject_01,Image_01L,56288,588027,9054,10482,0.9903050828552186,0.9705717096155613,0.8430133293395238,0.9848362282504384,0.8614367481864651,0.8521254692987767,0.7423507069001899,10607,4413,2064,125,60,24,41,0.5894449203353698,0.7692307692307693,1812,0.5353200883002207,29,939,0.4909478168264111
unet_dpd_v3,43,1,Subject_01,Image_01R,56744,583296,5959,15839,0.98484059390562,0.9670644477953819,0.7817808577766143,0.9898872304859526,0.904964674736456,0.8388746803069054,0.7224669603524229,9592,5110,844,96,39,15,42,0.49517123205782093,0.5692307692307692,1366,0.47364568081991215,22,655,0.45038167938931295
unet_dpd_v3,43,1,Subject_06,Image_06L,56453,580991,6087,15402,0.9777238315218315,0.9673881866593417,0.7856516595922344,0.9896317014093527,0.9026702910137512,0.8401056586926597,0.7242949885812527,9426,4952,271,112,34,13,65,0.36113795452600167,0.0,1540,0.43376623376623374,24,696,0.5387931034482759
unet_dpd_v3,43,1,Subject_06,Image_06R,59927,581355,9830,11524,0.9860273342999852,0.967774162587001,0.838714643601909,0.9833723792044792,0.8590822426423155,0.8487762732989632,0.7372817755687061,12688,5546,884,144,70,20,54,0.5668012797884912,0.7238095238095238,1992,0.5401606425702812,35,1026,0.5672514619883041
unet_dpd_v3,43,1,Subject_13,Image_13L,48768,588315,13142,10137,0.9837665185555294,0.9647481229992034,0.8279093455564044,0.9781497264143572,0.7877241156517526,0.8073169722302694,0.676891473621386,12009,5462,669,90,41,12,37,0.5187266906469805,0.6833333333333333,951,0.5278654048370137,9,251,0.6294820717131474
unet_dpd_v3,43,1,Subject_13,Image_13R,47848,586228,13313,12772,0.9792279369038991,0.9604869115261278,0.7893104585945233,0.9777946795965581,0.782328608099933,0.7858040252584557,0.6471805553676978,13686,6794,931,109,44,16,49,0.4711794245308628,0.3,1455,0.4639175257731959,22,593,0.38954468802698144
unet_dpd_v3,43,2,Subject_02,Image_02L,62187,577896,9164,15468,0.9855361529269354,0.9629435171464462,0.8008112806644775,0.9843900112424624,0.8715645190677075,0.8346912204877656,0.7162833020421797,11658,4464,578,198,94,20,84,0.5255482194531398,0.6491228070175439,2882,0.5458015267175572,42,1321,0.5685087055261165
unet_dpd_v3,43,2,Subject_02,Image_02R,60153,575206,10978,14292,0.9827209885307275,0.961748575978348,0.8080193431392303,0.9812720920393596,0.8456650405589686,0.8264136945650382,0.7041780316776513,14513,5488,629,178,82,18,78,0.5081288037114523,0.5394736842105263,2507,0.4870362983645792,37,1157,0.41745894554883317
unet_dpd_v3,43,2,Subject_03,Image_03L,63968,579036,10233,11127,0.9884319200237889,0.9678489502742472,0.8518276849324189,0.9826344165398145,0.8620908074015174,0.8569285178437467,0.7496718544909057,12974,3933,503,167,89,24,54,0.5976289095498968,0.8571428571428571,2675,0.6433644859813085,36,1355,0.7232472324723247
unet_dpd_v3,43,2,Subject_03,Image_03R,61046,579823,10919,11169,0.9894834390704327,0.9666826053575118,0.8453368413764454,0.9815164657329257,0.8482734662683249,0.846802607851297,0.734308465850314,12049,3014,671,139,93,15,31,0.7367968071966715,1.0,2418,0.7555831265508685,36,1350,0.7755555555555556
unet_dpd_v3,43,2,Subject_08,Image_08L,52543,543537,14745,9148,0.9851588075817225,0.9614612249243112,0.8517125674733754,0.9735886165056369,0.7808673166092023,0.8147527892137479,0.6874116908263123,9871,3536,460,126,65,23,38,0.5944604542580461,0.9523809523809523,1522,0.5985545335085414,21,551,0.5698729582577132
unet_dpd_v3,43,2,Subject_08,Image_08R,52177,545625,17008,8722,0.9834473367788864,0.9587350769487372,0.8567792574590716,0.9697707031048659,0.7541663655416636,0.802204729251868,0.6697344269449472,9426,3014,3134,128,77,18,33,0.6659496553409701,1.0,1811,0.6874654886802871,30,922,0.7494577006507592
unet_dpd_v3,43,3,Subject_07,Image_07L,63428,578477,12314,11077,0.9881637470078355,0.964841213535028,0.851325414401718,0.9791567576351028,0.8374217739167172,0.8443163590620778,0.7305774081710225,12780,5038,1334,145,68,18,59,0.5307395709501738,0.625,2121,0.5157944365865158,31,1070,0.5327102803738317
unet_dpd_v3,43,3,Subject_07,Image_07R,61925,582433,11187,10877,0.9876684849510585,0.9668918493086963,0.8505947638801132,0.9811546106937098,0.8469881825144983,0.8487876420357197,0.7372989320030003,10450,4148,1420,146,54,19,73,0.42900105057244287,0.19090909090909092,2057,0.4360719494409334,29,899,0.46273637374860954
unet_dpd_v3,43,3,Subject_10,Image_10L,52554,587072,16261,7504,0.9863890621437426,0.9641764811400818,0.8750541143561225,0.9730480514077632,0.7636997747584102,0.8155936464581409,0.6886096515939675,14442,5658,847,142,62,22,58,0.4964602716962993,0.41428571428571426,1928,0.5643153526970954,26,800,0.7025
unet_dpd_v3,43,3,Subject_10,Image_10R,51539,582936,19777,7812,0.9794307209972721,0.9583288020493487,0.8683762699870263,0.9671867041195394,0.7226849514835381,0.7888602324994068,0.6513370741077747,16606,6105,804,176,85,20,71,0.5420883625122509,0.6921052631578948,2428,0.5621911037891268,35,1124,0.6005338078291815
unet_dpd_v3,43,3,Subject_11,Image_11L,46292,601331,14838,4827,0.9896958491112819,0.9705299660716212,0.9055732702126411,0.9759189443156018,0.7572713888434484,0.8248091297027145,0.7018512060888155,10460,3040,525,122,73,8,41,0.6360422396444829,1.0,1695,0.5876106194690266,25,740,0.4756756756756757
unet_dpd_v3,43,3,Subject_11,Image_11R,45610,600324,14537,5513,0.9898973567538814,0.969894171631751,0.8921620405688242,0.9763572579818853,0.7583088100819658,0.8198076750247146,0.6946390496497107,9125,3135,1132,86,43,12,31,0.5557251897933216,0.7461538461538462,1112,0.5809352517985612,14,431,0.5638051044083526
unet_dpd_v3,43,4,Subject_04,Image_04L,64478,577686,9471,10605,0.9902246961082617,0.9696847064508335,0.8587563096839498,0.9838697316050051,0.8719252457774953,0.8652906758280101,0.7625659341958985,7163,2428,734,73,44,11,18,0.6657344239977411,1.0,1089,0.7024793388429752,14,469,0.8528784648187633
unet_dpd_v3,43,4,Subject_04,Image_04R,59707,583145,8833,13857,0.987072846228466,0.9659074859287619,0.8116334076450438,0.9850788373892273,0.8711263495768894,0.8403282103248325,0.7246258965739044,8415,3425,682,108,51,18,39,0.5546518114575707,0.7142857142857143,1364,0.6092375366568915,17,536,0.7033582089552238
unet_dpd_v3,43,4,Subject_14,Image_14L,56678,588673,11399,9335,0.9902689198895414,0.9688718406809942,0.8585884598488177,0.9810039461931235,0.8325572513477386,0.8453725110000746,0.7321603885702475,13111,4736,1099,80,56,7,17,0.7366632326007325,1.0,752,0.7553191489361702,5,105,0.7047619047619048
unet_dpd_v3,43,4,Subject_14,Image_14R,47170,587156,14222,8939,0.9847987855356123,0.9647734479921276,0.8406850950827853,0.976350980581265,0.768341151941621,0.8028867839422643,0.6706857573474001,10232,4705,3048,35,22,3,10,0.6808333333333333,1.0,323,0.739938080495356,2,54,1.0
