model,seed,case,tp,tn,fp,fn,auc,accuracy,sensitivity,specificity,precision,f1,iou,thin_gt_pixels,thin_fn_pixels,far_fp_pixels,evaluated_segments,recovered_segments,partial_segments,missed_segments,mean_tolerant_centerline_coverage,median_tolerant_centerline_coverage,evaluated_centerline_pixels,length_weighted_coverage,long_segments,long_centerline_pixels,long_branch_coverage
unet_standard,41,01,26196,187914,7051,3216,0.9863200058829042,0.9542421905988582,0.890656874745002,0.9638345344036109,0.7879207146509459,0.8361448475079398,0.7184268984998492,18345,2466,104,168,145,10,13,0.8920940194766926,1.0,1576,0.8845177664974619,8,226,0.8451327433628318
unet_standard,41,02,29007,186202,5162,4716,0.9859784221838443,0.9561147467423707,0.860154790499066,0.9730252294057399,0.8489273903245632,0.8545042125729099,0.745968882602546,14468,2750,351,145,110,7,28,0.784016914458091,1.0,1308,0.786697247706422,5,120,1.0
unet_standard,41,03,24516,188923,3918,8370,0.9759771820807215,0.9455625600836408,0.7454844006568144,0.9796827438148527,0.8622072167123865,0.7996086105675146,0.6661232474731007,12766,4430,137,139,87,10,42,0.6609394226379732,1.0,1270,0.6732283464566929,8,239,0.8368200836820083
unet_standard,41,04,24236,193468,3766,6107,0.9740846114665003,0.9566168813192897,0.798734469235079,0.980905928998043,0.8655096064566816,0.8307824149455824,0.7105456037995836,12866,3929,80,188,106,19,63,0.6030228245888446,1.0,1693,0.5900767867690491,11,262,0.4961832061068702
unet_standard,41,05,23223,193609,3186,7675,0.9719600224249301,0.9522998071965322,0.7516020454398343,0.983810564292792,0.879359309326366,0.8104769050901286,0.6813460861401244,16091,5572,51,167,90,17,60,0.5874277893340388,0.9666666666666667,1458,0.5953360768175583,7,167,0.7724550898203593
unet_standard,41,06,23517,192391,3003,8588,0.9725723456364376,0.9490503254959363,0.7325027254321756,0.9846310531541398,0.8867647058823529,0.8022857142857143,0.6698473282442748,16717,6021,99,186,87,25,74,0.5165210704832024,0.4807692307692308,1637,0.5222968845448992,10,249,0.6144578313253012
unet_standard,41,07,23281,194217,3314,6863,0.9762159486514955,0.9553003184363676,0.7723261677282378,0.9832228865342655,0.8753901109231058,0.8206348367084368,0.6958276047582043,15559,4872,128,165,100,14,51,0.6485336316199294,1.0,1552,0.6314432989690721,10,270,0.5037037037037037
unet_standard,41,08,20958,193666,3271,7353,0.9764011065238204,0.952834209404745,0.7402776306029458,0.9833906274595429,0.8649964918073383,0.7977921583555386,0.6636058514343613,14286,4897,106,144,85,20,39,0.6527142750723463,1.0,1376,0.659156976744186,9,233,0.7467811158798283
unet_standard,41,09,20590,197640,3280,6150,0.976842882873412,0.9585785820961082,0.7700074794315632,0.983675094565001,0.8625890238793464,0.8136731871171705,0.6858760826115923,14533,4352,35,170,94,21,55,0.6017670686572071,1.0,1481,0.6293045239702904,4,105,0.9904761904761905
unet_standard,41,10,21737,195528,4652,5415,0.9775067791447921,0.955716749071842,0.8005671773718327,0.9767609151763413,0.8237144264655728,0.8119758689602361,0.6834674883662433,14801,4044,160,215,122,33,60,0.6391319116353119,1.0,2329,0.6449119793902963,19,530,0.6849056603773584
unet_standard,41,11,24455,192234,6047,5078,0.9745572668695469,0.9511663023343605,0.828056750076186,0.96950287722979,0.8017507048718117,0.8146914299991671,0.6873243395165823,17486,3951,332,239,154,25,60,0.6939755851345737,1.0,2350,0.7106382978723405,16,422,0.7938388625592417
unet_standard,41,12,23726,194401,4714,4764,0.9839483378393054,0.9583576810702753,0.8327834327834328,0.9763252391833865,0.8342475386779185,0.8335148427893905,0.7145524635586074,14767,3128,127,172,131,16,25,0.8016339643883249,1.0,1515,0.7861386138613862,6,167,0.6227544910179641
unet_standard,41,13,25629,190732,4516,6623,0.976873387080099,0.9510373626373626,0.7946483938980529,0.9768704416946652,0.8501907447337868,0.821481802009712,0.6970463446475196,16138,4463,89,179,109,21,49,0.668245207282452,1.0,1657,0.6722993361496681,7,191,0.6178010471204188
unet_standard,41,14,22847,193567,5656,3784,0.9840073905100362,0.9582030869499766,0.8579099545642297,0.9716097036988701,0.8015647475704312,0.8287807886240796,0.7076222628302413,13612,2390,427,162,137,10,15,0.8681441843478881,1.0,1529,0.8665794637017659,8,213,0.9342723004694836
unet_standard,41,15,20349,197817,5965,3263,0.9824635105557932,0.9594184543127787,0.8618075554802642,0.9707285236183765,0.7733145853918066,0.8151664463405841,0.6880008114413226,14842,2348,823,140,110,12,18,0.8251930719656283,1.0,1392,0.8412356321839081,12,297,0.898989898989899
unet_standard,41,16,25201,193386,4517,4590,0.9862944184741264,0.9600033378130298,0.8459266221342016,0.9771756870790236,0.848004576351033,0.8469643247239913,0.73455170805643,18736,4024,386,134,116,10,8,0.8999133950626488,1.0,1056,0.8873106060606061,3,65,0.8307692307692308
unet_standard,41,17,22470,193905,4128,5381,0.9825354061079264,0.9579031715393742,0.8067932928799684,0.9791549893199618,0.8448003609293931,0.8253595107348161,0.7026486131523813,15935,4557,177,115,94,9,12,0.8405960223351527,1.0,884,0.8450226244343891,3,67,1.0
unet_standard,41,18,23126,195024,6444,3018,0.9864405818209884,0.9584292568054409,0.884562423500612,0.9680147715766275,0.7820764288129861,0.8301683598377427,0.7096477230882533,15868,2704,258,124,111,8,5,0.9262934645999161,1.0,1125,0.9395555555555556,8,190,0.9578947368421052
unet_standard,41,19,25202,194646,5375,2165,0.9900108159195409,0.9668408183369395,0.9208901231410093,0.9731278215787342,0.8242142787062171,0.8698743614524368,0.7697147394783459,17024,1936,356,126,106,10,10,0.8834129919774177,1.0,1025,0.8682926829268293,4,97,0.9587628865979382
unet_standard,41,20,21234,197342,5917,3030,0.9871887604872924,0.960676503034858,0.8751236399604352,0.9708893579128107,0.7820706419653052,0.8259846348341924,0.7035552168582884,16078,2676,584,137,124,5,8,0.9177939415228618,1.0,1245,0.9116465863453815,8,215,0.8418604651162791
unet_standard,42,01,26643,186655,8310,2769,0.9855032505930295,0.9506232813523667,0.9058547531619747,0.9573769650962993,0.7622521671959488,0.8278722908412958,0.7062987116271672,18345,2310,138,168,145,8,15,0.8846888339407655,1.0,1576,0.8642131979695431,8,226,0.8008849557522124
unet_standard,42,02,29836,185559,5805,3887,0.9873570337496003,0.9569410938881411,0.8847374195652818,0.9696651407788299,0.8371257821048792,0.8602733406377948,0.7548067192875936,14468,2528,237,145,109,10,26,0.7830997456453846,1.0,1308,0.7775229357798165,5,120,1.0
unet_standard,42,03,25311,189042,3799,7575,0.9778985447569571,0.9496116990878362,0.7696588213829593,0.9802998325044985,0.869495018893851,0.8165365507452094,0.6899550224887556,12766,4509,79,139,76,19,44,0.607225608569356,1.0,1270,0.6047244094488189,8,239,0.7196652719665272
unet_standard,42,04,25217,192547,4687,5126,0.9749367323728533,0.9568805283486468,0.8310648254951719,0.9762363487025564,0.843265115034778,0.8371205205238436,0.7198686839851556,12866,3762,174,188,105,16,67,0.5964563370852483,1.0,1693,0.5794447725930302,11,262,0.46564885496183206
unet_standard,42,05,23961,193194,3601,6937,0.9725026948986448,0.953718383964373,0.7754870865428183,0.9817017708783251,0.8693491038386184,0.8197399931577147,0.6945418707788632,16091,5484,55,167,87,15,65,0.5661905986436493,0.8888888888888888,1458,0.5637860082304527,7,167,0.5748502994011976
unet_standard,42,06,24252,192175,3219,7853,0.9735573095293183,0.9513316542050734,0.7553963557078337,0.9835255944399521,0.8828218848968002,0.8141533503424198,0.6865587136224663,16717,5840,84,186,83,20,83,0.4966720049468998,0.4494949494949495,1637,0.5051924251679902,10,249,0.6144578313253012
unet_standard,42,07,23389,193944,3587,6755,0.9753951964415787,0.9545756011859009,0.7759089702760085,0.9818408249844328,0.8670299525504152,0.8189425770308123,0.6933977646675166,15559,5165,86,165,83,17,65,0.5539144559144559,0.8333333333333334,1552,0.5373711340206185,10,270,0.43333333333333335
unet_standard,42,08,21462,193608,3329,6849,0.9765051329297231,0.9548142491831226,0.7580798982727561,0.9830961170323504,0.8657173974426203,0.8083311363037173,0.6783185840707965,14286,4993,41,144,80,16,48,0.6013781344745635,1.0,1376,0.590843023255814,9,233,0.5622317596566524
unet_standard,42,09,21088,197414,3506,5652,0.9769685599011935,0.9597733462180444,0.7886312640239341,0.982550268763687,0.8574449052614459,0.8215997194841625,0.6972161608146532,14533,4267,41,170,93,21,56,0.6029828881126459,0.9864864864864865,1481,0.6178257933828494,4,105,0.9904761904761905
unet_standard,42,10,22242,195116,5064,4910,0.977131946985044,0.9561258423803072,0.8191661756040071,0.9747027675092417,0.8145462535706438,0.8168496823239928,0.6904022845790911,14801,3967,93,215,113,33,69,0.5965534909255088,0.8571428571428571,2329,0.5753542292829541,19,530,0.5226415094339623
unet_standard,42,11,24790,191707,6574,4743,0.9758008691516301,0.950323509529704,0.8393999932279146,0.9668450330591434,0.790396633082515,0.8141616171568385,0.6865704710997867,17486,3909,241,239,146,25,68,0.6666159684321191,1.0,2350,0.6736170212765957,16,422,0.7725118483412322
unet_standard,42,12,24489,193966,5149,4001,0.9848259394609494,0.9597987741921311,0.8595647595647595,0.9741405720312383,0.8262703286321614,0.842588769611891,0.7279942923392491,14767,2983,100,172,128,13,31,0.7859677346232579,1.0,1515,0.7742574257425743,6,167,0.6347305389221557
unet_standard,42,13,26308,190462,4786,5944,0.9782465014725317,0.9528351648351648,0.8157013518541486,0.975487585020077,0.8460796295105165,0.8306128248034603,0.7102975322641611,16138,4428,117,179,105,22,52,0.6467920065183436,1.0,1657,0.6451418225709112,7,191,0.5130890052356021
unet_standard,42,14,23168,193388,5835,3463,0.9849180774341474,0.9588318117013646,0.8699635762832789,0.9707112130627488,0.7988139158018136,0.8328719847575223,0.7136080823014846,13612,2453,393,162,126,20,16,0.8333577963250592,1.0,1529,0.8351863963374755,8,213,0.9014084507042254
unet_standard,42,15,20513,197831,5951,3099,0.9843106076153137,0.9602012366201395,0.868753176351008,0.9707972244849888,0.7751284764207981,0.8192747024522725,0.693874099380983,14842,2439,490,140,104,11,25,0.7840744016905008,1.0,1392,0.8017241379310345,12,297,0.8619528619528619
unet_standard,42,16,25497,192537,5366,4294,0.9855603558953233,0.9575746396479485,0.855862508811386,0.972885706634058,0.8261348540323364,0.8407359778415273,0.725232528372728,18736,3941,484,134,112,11,11,0.8796365326216071,1.0,1056,0.8664772727272727,3,65,0.7692307692307693
unet_standard,42,17,22517,193505,4528,5334,0.9819647496276213,0.9563404225177524,0.808480844493914,0.9771351239439892,0.8325753374006286,0.820351209559895,0.6954198709039809,15935,4720,165,115,90,9,16,0.8170976849237719,1.0,884,0.8246606334841629,3,67,1.0
unet_standard,42,18,23227,194255,7213,2917,0.985412893926359,0.9554944379030983,0.8884256425948592,0.9641977882343598,0.763042049934297,0.8209741269616853,0.696315615912702,15868,2741,305,124,110,7,7,0.9024414653446912,1.0,1125,0.9128888888888889,8,190,0.9157894736842105
unet_standard,42,19,25408,193083,6938,1959,0.9899033519593499,0.9608730451914789,0.928417437059232,0.9653136420675829,0.785506708712051,0.8510039689849781,0.7406500510129719,17024,1847,344,126,108,14,4,0.8998966711781837,1.0,1025,0.8926829268292683,4,97,0.979381443298969
unet_standard,42,20,21697,196157,7102,2567,0.9871358632773645,0.9575031974789362,0.894205407187603,0.9650593577652158,0.7533942150769124,0.8177826357348812,0.6917362749473953,16078,2373,669,137,126,5,6,0.9368071059739824,1.0,1245,0.9309236947791165,8,215,0.8790697674418605
unet_standard,43,01,26466,187500,7465,2946,0.9862303239598856,0.9536004135896282,0.8998368013055895,0.9617110763470367,0.77999469511656,0.8356408758663152,0.7176831087127478,18345,2406,104,168,144,9,15,0.8849360157061377,1.0,1576,0.8794416243654822,8,226,0.8672566371681416
unet_standard,43,02,29441,185991,5373,4282,0.986979814685831,0.957105474771977,0.8730243454022477,0.9719226186743588,0.8456655368529902,0.8591271867750266,0.7530437896459996,14468,2670,181,145,107,13,25,0.7764219010234278,1.0,1308,0.7828746177370031,5,120,1.0
unet_standard,43,03,25093,188997,3844,7793,0.9773626276599335,0.9484465748448347,0.7630298607310102,0.980066479638666,0.8671596917441338,0.8117690827038481,0.6831745167438061,12766,4507,101,139,79,13,47,0.6055181458311218,1.0,1270,0.6,8,239,0.6694560669456067
unet_standard,43,04,24946,193004,4230,5397,0.9759610921466182,0.9576978341396538,0.8221336057739841,0.9785533934311529,0.8550178228681108,0.8382533308691342,0.7215457148642004,12866,3723,45,188,111,15,62,0.6211402025349145,1.0,1693,0.6077968103957472,11,262,0.5419847328244275
unet_standard,43,05,23839,193235,3560,7059,0.972848735210501,0.9533626418027783,0.7715386109133278,0.9819101095048146,0.8700682506660827,0.8178465444190953,0.6918277323117998,16091,5336,57,167,90,14,63,0.5782392837198087,1.0,1458,0.5864197530864198,7,167,0.6766467065868264
unet_standard,43,06,23934,192201,3193,8171,0.9726741723279432,0.9500481320797014,0.7454913564865285,0.9836586589148081,0.8822943930401445,0.8081442463533225,0.6780554139044705,16717,5879,102,186,81,22,83,0.49477913715291,0.4722222222222222,1637,0.5094685400122174,10,249,0.6224899598393574
unet_standard,43,07,23437,194254,3277,6707,0.9769423561064097,0.9561480180081257,0.7775013269639066,0.9834101989054882,0.8773302388260837,0.8244046572162229,0.7012656712845217,15559,5004,36,165,89,18,58,0.5863333888333888,0.9,1552,0.5618556701030928,10,270,0.3592592592592593
unet_standard,43,08,21358,193497,3440,6953,0.9757015189337824,0.9538597457025145,0.7544064144678747,0.9825324850078959,0.8612791354141464,0.8043081210340997,0.6726717268747441,14286,4828,104,144,82,17,45,0.6318072820947737,1.0,1376,0.6322674418604651,9,233,0.7381974248927039
unet_standard,43,09,20576,197769,3151,6164,0.9768374897684563,0.9590837213388386,0.7694839192221391,0.9843171411507068,0.8671977072533401,0.8154239403966949,0.6883677361078585,14533,4501,25,170,86,22,62,0.5733334098515759,0.8611111111111112,1481,0.5941931127616475,4,105,0.9904761904761905
unet_standard,43,10,22222,195180,5000,4930,0.9779258313216397,0.9563193919025919,0.818429581614614,0.9750224797682087,0.8163250312247446,0.8173759517416412,0.6911545160487683,14801,3844,119,215,125,26,64,0.6404556051565963,1.0,2329,0.6290253327608416,19,530,0.6037735849056604
unet_standard,43,11,24666,191971,6310,4867,0.9760223430307988,0.950938045949766,0.8352013002404091,0.9681764768182529,0.7962939049586777,0.8152836768084086,0.6881678430934911,17486,3981,285,239,150,21,68,0.6618295977747825,1.0,2350,0.6753191489361702,16,422,0.7701421800947867
unet_standard,43,12,24022,194272,4843,4468,0.9846016859069617,0.9590914083609763,0.8431730431730432,0.9756773723727494,0.8322189502858133,0.8376601865574056,0.7206672066720667,14767,3140,105,172,126,16,30,0.7787273625637169,1.0,1515,0.7656765676567657,6,167,0.6107784431137725
unet_standard,43,13,25902,190929,4319,6350,0.9774274022097036,0.9531032967032967,0.8031129852412253,0.9778794148979759,0.8570861321597565,0.8292222240007683,0.7082661124935058,16138,4535,79,179,108,21,50,0.6668867838763879,1.0,1657,0.6698853349426674,7,191,0.5968586387434555
unet_standard,43,14,23165,193252,5971,3466,0.9843581475159001,0.9582163698672593,0.8698509256130074,0.970028560959327,0.7950645249862712,0.8307780587085553,0.7105392307220416,13612,2360,357,162,132,14,16,0.8528571824409457,1.0,1529,0.8613472858077175,8,213,0.92018779342723
unet_standard,43,15,20806,197277,6505,2806,0.9844870280897761,0.9590534490795711,0.8811621209554464,0.9680786330490426,0.7618175826590019,0.8171553129234335,0.6908390609954511,14842,2154,584,140,111,12,17,0.8261884306354121,1.0,1392,0.8419540229885057,12,297,0.898989898989899
unet_standard,43,16,25150,193080,4823,4641,0.9853441100066113,0.9584354440608888,0.8442146957134705,0.9756294750458558,0.8390885129950288,0.8416437989425072,0.7265846189403131,18736,4163,299,134,115,7,12,0.8856898698316609,1.0,1056,0.8674242424242424,3,65,0.7384615384615385
unet_standard,43,17,22259,193854,4179,5592,0.9820638526495277,0.9567432841635529,0.7992172632939571,0.9788974564845253,0.8419320674786293,0.8200187883364954,0.6949422416484545,15935,4861,122,115,87,10,18,0.7887270217705,1.0,884,0.8065610859728507,3,67,1.0
unet_standard,43,18,23114,194694,6774,3030,0.9858286289596723,0.956926699822505,0.8841034271725826,0.9663767943296205,0.7733538543897216,0.825028555111365,0.7021690260647669,15868,2770,170,124,111,6,7,0.9116760927244799,1.0,1125,0.9235555555555556,8,190,0.9315789473684211
unet_standard,43,19,25524,193386,6635,1843,0.9903051460153559,0.9627157105915879,0.9326561186830855,0.966828483009284,0.7936813955657825,0.8575748412458422,0.7506617257808365,17024,1718,393,126,110,9,7,0.912734302216095,1.0,1025,0.9063414634146342,4,97,0.9587628865979382
unet_standard,43,20,21484,196300,6959,2780,0.9863204928800916,0.9571955362754535,0.8854269699967029,0.9657628936480057,0.7553352318672433,0.8152237843170737,0.6880825032828364,16078,2534,706,137,125,9,3,0.940725632702728,1.0,1245,0.944578313253012,8,215,0.9395348837209302
unet_dpd_v3,41,01,26884,186718,8247,2528,0.98680540791357,0.9519781439274079,0.9140486876104991,0.9577001000179519,0.7652500640459993,0.8330570317462777,0.7138798162457846,18345,2075,148,168,147,9,12,0.9045616951133463,1.0,1576,0.8978426395939086,8,226,0.8805309734513275
unet_dpd_v3,41,02,29809,185295,6069,3914,0.9867048860822379,0.9556482604504036,0.8839367790528719,0.9682855709537844,0.8308434137911812,0.856568152756426,0.7491204262163249,14468,2448,282,145,114,9,22,0.8055939254570086,1.0,1308,0.8119266055045872,5,120,1.0
unet_dpd_v3,41,03,25117,188601,4240,7769,0.9758110464994559,0.9467985664098668,0.7637596545642522,0.9780129744193403,0.8555710733385564,0.807062641582186,0.676533965415073,12766,4302,248,139,79,17,43,0.6306939046283286,1.0,1270,0.637007874015748,8,239,0.7615062761506276
unet_dpd_v3,41,04,25321,192328,4906,5022,0.9753441049574563,0.9563752048757124,0.8344923046501664,0.9751259924759422,0.8376947761934694,0.83609047383193,0.7183466197622628,12866,3517,152,188,113,16,59,0.6443377027519113,1.0,1693,0.6284701712935618,11,262,0.5763358778625954
unet_dpd_v3,41,05,24262,192812,3983,6636,0.9724326241871548,0.9533626418027783,0.7852288173991844,0.9797606646510328,0.8589838909541512,0.8204521245117765,0.6955649207304836,16091,5064,75,167,95,14,58,0.5996806002210054,1.0,1458,0.6069958847736625,7,167,0.7544910179640718
unet_dpd_v3,41,06,24286,191898,3496,7819,0.9726316343541583,0.9502635176418358,0.7564553807818097,0.9821079459962947,0.8741631272046649,0.8110608312321539,0.6821718491053622,16717,5719,111,186,81,24,81,0.5036128869053133,0.48333333333333334,1637,0.5088576664630422,10,249,0.5622489959839357
unet_dpd_v3,41,07,23919,193787,3744,6225,0.9773667968289876,0.9562139013945317,0.7934912420382165,0.981046013030866,0.8646567617395077,0.8275468368882661,0.7058250708215298,15559,4639,186,165,95,21,49,0.6284970831637499,1.0,1552,0.604381443298969,10,270,0.40370370370370373
unet_dpd_v3,41,08,21763,193136,3801,6548,0.9765505349122098,0.9540550859497088,0.7687118081311151,0.9806994114869222,0.8513143483023001,0.807907192575406,0.6777217239661186,14286,4558,120,144,88,15,41,0.6573516938830578,1.0,1376,0.6504360465116279,9,233,0.6909871244635193
unet_dpd_v3,41,09,21425,196964,3956,5315,0.9770232908426771,0.9592769920056224,0.8012341062079282,0.9803105713716902,0.8441353768567038,0.8221254388826001,0.697973677352098,14533,3911,60,170,93,18,59,0.5974210913830291,1.0,1481,0.6178257933828494,4,105,0.9809523809523809
unet_dpd_v3,41,10,22405,194933,5247,4747,0.9782662721074604,0.9560378653247233,0.8251694166175604,0.9737885902687581,0.8102488065962679,0.8176410480986789,0.6915336893113985,14801,3755,161,215,122,30,63,0.632517510105812,1.0,2329,0.6311721768999571,19,530,0.6245283018867924
unet_dpd_v3,41,11,24853,191860,6421,4680,0.9762507597311813,0.9512716514349425,0.8415332001489859,0.9676166652377182,0.7946856813966874,0.8174387817192099,0.6912443678033042,17486,3808,264,239,143,34,62,0.6717549424365683,1.0,2350,0.6825531914893617,16,422,0.7725118483412322
unet_dpd_v3,41,12,24349,193773,5342,4141,0.9845468602038926,0.9583357131873201,0.8546507546507547,0.9731712829269518,0.8200801589707318,0.8370086454340764,0.7197032395365335,14767,2913,152,172,132,19,21,0.8146491058341263,1.0,1515,0.8,6,167,0.6467065868263473
unet_dpd_v3,41,13,26587,190108,5140,5665,0.9781163662530951,0.9525054945054945,0.8243519781718963,0.9736745062689502,0.8379928767295994,0.8311164600884665,0.7110344458707745,16138,3982,141,179,116,20,43,0.7040853877669897,1.0,1657,0.7127338563669282,7,191,0.6544502617801047
unet_dpd_v3,41,14,23247,193134,6089,3384,0.9842130080605163,0.9580569748598652,0.8729300439337614,0.9694362598695934,0.7924393236978456,0.8307395429449497,0.7104828850855746,13612,2322,377,162,136,12,14,0.8679667020095296,1.0,1529,0.8705035971223022,8,213,0.8967136150234741
unet_dpd_v3,41,15,20653,197919,5863,2959,0.9852524243225023,0.9612039015981072,0.8746823648992038,0.9712290585036951,0.778888218434153,0.8240105330354293,0.7006955046649703,14842,2242,242,140,112,8,20,0.8273936627282492,1.0,1392,0.8441091954022989,12,297,0.8922558922558923
unet_dpd_v3,41,16,25603,192294,5609,4188,0.9849396088339705,0.9569729549307404,0.859420630391729,0.9716578323724249,0.8202934768678714,0.8394013409176598,0.7232485875706215,18736,3762,501,134,114,10,10,0.8911059711432845,1.0,1056,0.875,3,65,0.7538461538461538
unet_dpd_v3,41,17,22775,193214,4819,5076,0.9817989875490256,0.9561943298330117,0.817744425693871,0.975665671882969,0.8253605856345583,0.8215348543601767,0.697122742577288,15935,4435,248,115,93,14,8,0.8480036388732041,1.0,884,0.8540723981900452,3,67,1.0
unet_dpd_v3,41,18,23312,193852,7616,2832,0.9852383584811838,0.9540973235154562,0.8916768665850673,0.9621974705660452,0.7537506466632178,0.816932996916176,0.690521327014218,15868,2583,377,124,110,7,7,0.91260298840944,1.0,1125,0.9288888888888889,8,190,0.9578947368421052
unet_dpd_v3,41,19,25573,192993,7028,1794,0.990036886646506,0.961202877900329,0.9344465962655754,0.9648636893126221,0.7844237906812674,0.8528882070437567,0.7435092309928769,17024,1659,521,126,106,12,8,0.8928393437146939,1.0,1025,0.8868292682926829,4,97,1.0
unet_dpd_v3,41,20,21821,195584,7675,2443,0.9865218472783552,0.955529770616597,0.8993158588855918,0.9622402944027079,0.739795226471386,0.8117931547619047,0.6832086164250603,16078,2191,751,137,129,3,5,0.9474299381296613,1.0,1245,0.944578313253012,8,215,0.9209302325581395
unet_dpd_v3,42,01,26958,185942,9023,2454,0.98561199932425,0.9488494810074116,0.9165646674826602,0.9537198984433103,0.7492287596231344,0.8244919180952089,0.7013919604527123,18345,2016,201,168,148,7,13,0.8985362586524985,1.0,1576,0.8934010152284264,8,226,0.8628318584070797
unet_dpd_v3,42,02,30149,184845,6519,3574,0.9866403931711089,0.9551595605254857,0.8940189188387747,0.9659340314792751,0.822215555797971,0.8566151922831043,0.7491923860643109,14468,2314,336,145,112,8,25,0.7994843127348198,1.0,1308,0.8103975535168195,5,120,1.0
unet_dpd_v3,42,03,25634,188665,4176,7252,0.976934873046654,0.9493724720569537,0.7794806300553427,0.9783448540507464,0.8599127809459913,0.8177236187316576,0.6916518266688252,12766,4297,137,139,84,13,42,0.6441737601855554,1.0,1270,0.6543307086614173,8,239,0.8451882845188284
unet_dpd_v3,42,04,25376,192379,4855,4967,0.9735526022949663,0.9568409812942432,0.8363049138186732,0.97538456858351,0.8394032615527108,0.8378512232971241,0.7209500539803398,12866,3646,75,188,114,12,62,0.6286592101751676,1.0,1693,0.61193148257531,11,262,0.5038167938931297
unet_dpd_v3,42,05,24388,192767,4028,6510,0.9722986506050547,0.953718383964373,0.7893067512460353,0.9795320003048857,0.8582488738738738,0.8223353677040833,0.6982763557235298,16091,5151,42,167,95,13,59,0.6033174102949413,1.0,1458,0.6145404663923183,7,167,0.8203592814371258
unet_dpd_v3,42,06,24705,191695,3699,7400,0.972091002557311,0.9512129723647137,0.7695063074287494,0.9810690195195348,0.8697718631178707,0.816572741245104,0.6900067031616579,16717,5501,121,186,89,22,75,0.5379054254404886,0.5714285714285714,1637,0.5455100794135614,10,249,0.642570281124498
unet_dpd_v3,42,07,23800,193545,3986,6344,0.9762813168950202,0.9546283078950258,0.7895435244161358,0.9798208888731389,0.8565464622471748,0.82168133954773,0.6973337239964841,15559,4823,176,165,90,20,55,0.5975348018496899,1.0,1552,0.5902061855670103,10,270,0.5148148148148148
unet_dpd_v3,42,08,21761,193214,3723,6550,0.9759958337725531,0.954392491831226,0.7686411642117905,0.9810954772338362,0.8539083346413436,0.8090342968677386,0.6793094836735968,14286,4749,84,144,85,16,43,0.641844216716324,1.0,1376,0.6388081395348837,9,233,0.6652360515021459
unet_dpd_v3,42,09,21547,196750,4170,5193,0.9761451326329699,0.9588728806114382,0.8057965594614809,0.9792454708341628,0.8378504491192597,0.8215109518272109,0.6970883209317373,14533,3939,79,170,98,19,53,0.6251588674685561,1.0,1481,0.6441593517893315,4,105,1.0
unet_dpd_v3,42,10,22609,194578,5602,4543,0.9771486343272198,0.9553736385550649,0.8326826753093695,0.9720151863323009,0.801424976073163,0.8167548723876957,0.6902668376381511,14801,3654,115,215,129,26,60,0.6544778260394365,1.0,2329,0.6509231429798197,19,530,0.6471698113207547
unet_dpd_v3,42,11,25171,191046,7235,4362,0.9758982736578908,0.94909443668958,0.8523008160362984,0.9635113803137971,0.7767388755168796,0.812767400184052,0.6845898607484769,17486,3551,295,239,159,22,58,0.7126275237907022,1.0,2350,0.7306382978723405,16,422,0.8222748815165877
unet_dpd_v3,42,12,24762,193461,5654,3728,0.9848396303520227,0.9587794644230135,0.8691470691470692,0.971604349245411,0.8141109942135718,0.8407292975248701,0.7252225866916588,14767,2764,181,172,132,14,26,0.7985109227268041,1.0,1515,0.7907590759075908,6,167,0.6766467065868264
unet_dpd_v3,42,13,26728,189868,5380,5524,0.9786020038965966,0.9520703296703297,0.828723800074414,0.972445300335983,0.8324405132677214,0.8305779987569919,0.7102465986394558,16138,4115,147,179,109,23,47,0.6825204044640012,1.0,1657,0.687990343995172,7,191,0.643979057591623
unet_dpd_v3,42,14,23503,192711,6512,3128,0.9845192041095804,0.9573175591311202,0.8825429011302617,0.9673130110479212,0.7830418124271198,0.8298202873989338,0.7091391847448933,13612,2205,445,162,133,16,13,0.8627032600702478,1.0,1529,0.8659254414650098,8,213,0.9342723004694836
unet_dpd_v3,42,15,20695,197630,6152,2917,0.9844893602174312,0.9601176812053088,0.8764611214636625,0.9698108763286257,0.7708496293813089,0.8202699221149844,0.6953030506652331,14842,2299,318,140,107,7,26,0.7852537936227122,1.0,1392,0.8096264367816092,12,297,0.8855218855218855
unet_dpd_v3,42,16,25856,191894,6009,3935,0.98533184010599,0.9563273516210352,0.8679131281259441,0.9696366401722055,0.8114231915895183,0.8387180485273128,0.7222346368715084,18736,3634,646,134,115,8,11,0.8938455201514904,1.0,1056,0.8863636363636364,3,65,0.8769230769230769
unet_dpd_v3,42,17,23043,192876,5157,4808,0.982516577432155,0.955884436259319,0.8273670604287099,0.9739588856402721,0.8171276595744681,0.8222154823285936,0.698103490063015,15935,4261,239,115,93,10,12,0.8524141672479267,1.0,884,0.8653846153846154,3,67,1.0
unet_dpd_v3,42,18,23510,193684,7784,2634,0.9856476603749592,0.9542291267595733,0.8992503059975521,0.9613635912402962,0.7512622227903113,0.8186218183084369,0.6929379863239802,15868,2481,353,124,113,4,7,0.9217369548014709,1.0,1125,0.9422222222222222,8,190,0.9736842105263158
unet_dpd_v3,42,19,25595,192408,7613,1772,0.99029390126117,0.9587269336992278,0.9352504841597544,0.9619389964053774,0.7707480125271019,0.8450680973999175,0.7317038307604345,17024,1675,423,126,113,7,6,0.9187911230278176,1.0,1025,0.911219512195122,4,97,1.0
unet_dpd_v3,42,20,21998,195576,7683,2266,0.9874117083911269,0.9562725526650053,0.9066106165512694,0.9622009357519224,0.7411475354603956,0.8155714153304291,0.6885779572416816,16078,2088,813,137,129,7,1,0.9586553307419151,1.0,1245,0.9518072289156626,8,215,0.9023255813953488
unet_dpd_v3,43,01,26532,187363,7602,2880,0.9861513022547167,0.9532839818697995,0.9020807833537332,0.9610083861205857,0.7772895060643347,0.8350486261920499,0.7168098557302642,18345,2387,85,168,141,13,14,0.8802664417410947,1.0,1576,0.8705583756345178,8,226,0.827433628318584
unet_dpd_v3,43,02,29565,185863,5501,4158,0.9870887757711525,0.9570877038656164,0.8767013610888711,0.9712537363349428,0.8431243939998859,0.8595851080841413,0.7537477054864369,14468,2624,173,145,108,10,27,0.775090786791705,1.0,1308,0.7782874617737003,5,120,1.0
unet_dpd_v3,43,03,25180,188940,3901,7706,0.9771302469991557,0.9485794787508804,0.7656753633765128,0.979770899341945,0.8658574326880093,0.8126906256555909,0.684480930763585,12766,4395,96,139,79,13,47,0.6106848217889006,1.0,1270,0.6165354330708661,8,239,0.7447698744769874
unet_dpd_v3,43,04,25019,192928,4306,5324,0.9763969147483643,0.957684651788186,0.8245394324885476,0.9781680643296795,0.8531628303495311,0.8386069585037206,0.7220699010072441,12866,3712,61,188,106,22,60,0.6188613465522101,1.0,1693,0.6077968103957472,11,262,0.5381679389312977
unet_dpd_v3,43,05,23979,193132,3663,6919,0.9734760382103598,0.9535251413086919,0.7760696485209398,0.9813867222236338,0.8674842630779249,0.819234711308507,0.6938167298399931,16091,5285,42,167,91,14,62,0.5763843688409418,0.9666666666666667,1458,0.5843621399176955,7,167,0.6946107784431138
unet_dpd_v3,43,06,24089,192120,3274,8016,0.9730755680841061,0.9503734082347615,0.7503192649120075,0.9832441118969876,0.8803493768958082,0.8101499966368467,0.680884140309223,16717,5832,97,186,81,23,82,0.5011190163013445,0.5,1637,0.5167990226023214,10,249,0.6385542168674698
unet_dpd_v3,43,07,23560,194173,3358,6584,0.9771327381535674,0.9563324914900626,0.7815817409766455,0.983000136687406,0.8752507615721822,0.8257684623742596,0.7032415975165662,15559,4950,26,165,91,20,54,0.6018390498390499,0.875,1552,0.5837628865979382,10,270,0.4148148148148148
unet_dpd_v3,43,08,21553,193425,3512,6758,0.976179988566864,0.9544058104844438,0.7612941966020275,0.9821668858568984,0.8598843008178735,0.8075914268585132,0.6772774408446721,14286,4749,90,144,84,16,44,0.6357861453396251,1.0,1376,0.6373546511627907,9,233,0.7296137339055794
unet_dpd_v3,43,09,20715,197760,3160,6025,0.9769284082115314,0.9596547483088816,0.774682124158564,0.9842723472028668,0.8676439790575916,0.8185320557147091,0.692809364548495,14533,4456,25,170,88,17,65,0.5612676889623257,0.873015873015873,1481,0.5860904794058069,4,105,1.0
unet_dpd_v3,43,10,22411,195076,5104,4741,0.9782621143696071,0.9566932943888234,0.8253903948143784,0.9745029473473874,0.8145011811739051,0.8199096346973495,0.6947854662698413,14801,3736,105,215,124,27,64,0.6465313679046998,1.0,2329,0.6384714469729498,19,530,0.6339622641509434
unet_dpd_v3,43,11,24858,191830,6451,4675,0.976020232997866,0.9511619127885029,0.8417025022855789,0.9674653648105467,0.7939570091666933,0.8171329016140166,0.6908070253445976,17486,3860,241,239,151,24,64,0.6778059428605814,1.0,2350,0.691063829787234,16,422,0.7701421800947867
unet_dpd_v3,43,12,24214,194093,5022,4276,0.9845620335234377,0.9591485248566596,0.8499122499122499,0.9747783943951988,0.8282254754412368,0.838928732287011,0.7225471472905228,14767,3042,106,172,129,11,32,0.784697176493517,1.0,1515,0.7775577557755775,6,167,0.6526946107784432
unet_dpd_v3,43,13,26103,190841,4407,6149,0.9774404252677247,0.9536,0.8093451568894953,0.9774287060558879,0.8555555555555555,0.8318090564354227,0.7120488829482529,16138,4443,67,179,108,22,49,0.6741509349952876,1.0,1657,0.6783343391671696,7,191,0.5968586387434555
unet_dpd_v3,43,14,23228,193168,6055,3403,0.984624826517522,0.9581233894462795,0.8722165896887086,0.9696069228954488,0.7932247379025373,0.8308473727510105,0.7106406412531359,13612,2334,343,162,130,15,17,0.8496822024141141,1.0,1529,0.8633093525179856,8,213,0.9295774647887324
unet_dpd_v3,43,15,20928,197393,6389,2684,0.9853060251223645,0.9601000905916602,0.8863289852617313,0.9686478688009736,0.7661163378116191,0.8218500265074908,0.6975767474417519,14842,2068,281,140,106,16,18,0.8140760856974368,1.0,1392,0.8362068965517241,12,297,0.898989898989899
unet_dpd_v3,43,16,25218,193032,4871,4573,0.9855213412071714,0.9585232812458826,0.8464972642744453,0.9753869319818295,0.838113596330885,0.8422845691382765,0.7275402458023196,18736,4146,271,134,112,10,12,0.8723636438188678,1.0,1056,0.8645833333333334,3,65,0.8307692307692308
unet_dpd_v3,43,17,22392,193752,4281,5459,0.9828182645892566,0.9568805227461883,0.8039926753078884,0.9783823908136523,0.8395006186030818,0.8213630694739931,0.6968753890202913,15935,4770,129,115,87,9,19,0.783546332894159,1.0,884,0.8009049773755657,3,67,1.0
unet_dpd_v3,43,18,23193,194595,6873,2951,0.9860598334449133,0.9568388309930935,0.887125152998776,0.9658854011555185,0.7714029135901018,0.825226827966554,0.702456310385559,15868,2725,180,124,111,6,7,0.9159178187403995,1.0,1125,0.928,8,190,0.9368421052631579
unet_dpd_v3,43,19,25579,193278,6743,1788,0.990184978123612,0.9624826288106673,0.9346658384185332,0.9662885397033312,0.791380483880948,0.8570758431201729,0.7498973907944885,17024,1668,347,126,112,6,8,0.9084868301114799,1.0,1025,0.8995121951219512,4,97,0.9587628865979382
unet_dpd_v3,43,20,21622,196130,7129,2642,0.9867949274201353,0.9570548911538613,0.8911144081767227,0.9649265223188149,0.7520434071858371,0.8156936716023767,0.6887522696142452,16078,2430,674,137,125,10,2,0.9368224191279818,1.0,1245,0.9437751004016064,8,215,0.9348837209302325
