model,seed,fold,case,tp,tn,fp,fn,auc,accuracy,sensitivity,specificity,precision,f1,iou,thin_gt_pixels,thin_fn_pixels,far_fp_pixels,evaluated_segments,recovered_segments,partial_segments,missed_segments,mean_tolerant_centerline_coverage,median_tolerant_centerline_coverage,evaluated_centerline_pixels,length_weighted_coverage,long_segments,long_centerline_pixels,long_branch_coverage
unet_standard,41,0,im0236,33888,266886,3736,4469,0.9935422150654513,0.9734447972192285,0.8834893239825846,0.9861947661313567,0.9007016797788645,0.8920124768034113,0.8050744779417005,13589,2736,134,98,82,4,12,0.8513038548752835,1.0,831,0.8628158844765343,2,47,1.0
unet_standard,41,0,im0255,30087,269299,2339,7816,0.9908376720085534,0.967193360491825,0.79378940980925,0.991389275432745,0.9278665268611608,0.8556072175062919,0.7476517071716118,19437,5847,158,132,103,5,24,0.7912650517931267,1.0,1133,0.7917034421888791,4,92,0.532608695652174
unet_standard,41,0,im0291,17307,286144,2031,4111,0.990536079497261,0.9801610501529427,0.8080586422635166,0.9929521991845233,0.8949736270555383,0.8492982628324663,0.7380698537251056,7222,2215,71,46,32,3,11,0.7270456386713475,1.0,412,0.6747572815533981,2,47,0.0425531914893617
unet_standard,41,0,im0324,24243,274639,8122,4018,0.9855944249465609,0.9609673913742436,0.8578252715756697,0.9712760953596854,0.7490498995828827,0.7997558803153763,0.6663276805101284,7363,1537,1289,42,36,2,4,0.8849206349206349,1.0,313,0.8945686900958466,0,0,
unet_standard,41,1,im0044,26155,306964,7918,3341,0.9907895053960114,0.9673062739199368,0.8867304041225929,0.9748540723191544,0.7676165879141843,0.8228853686545329,0.6990698668947453,10327,1863,2964,87,77,7,3,0.9266631835597353,1.0,647,0.9350850077279753,1,20,1.0
unet_standard,41,1,im0081,29296,271598,6896,2317,0.9938298667850802,0.9702908995927212,0.9267073672223453,0.9752382457072684,0.8094606542882405,0.8641250645232652,0.7607572255836298,12852,1182,837,69,65,3,1,0.9593774985079333,1.0,603,0.9635157545605307,3,70,1.0
unet_standard,41,1,im0162,27259,273917,5993,2921,0.9930319060355929,0.9712535070463414,0.9032140490390987,0.9785895466399914,0.8197702393840972,0.8594715600958507,0.7535731070135183,17745,2194,448,174,153,8,13,0.9095321345321344,1.0,1430,0.9216783216783216,5,141,1.0
unet_standard,41,1,im0240,34766,261611,5267,8477,0.9841679071075182,0.9556818145175593,0.8039682723215318,0.9802643904705521,0.8684335423275797,0.8349584514145733,0.716676973819831,10414,3218,1398,50,38,6,6,0.8075714285714285,1.0,369,0.8184281842818428,0,0,
unet_standard,41,2,im0002,21084,278765,2281,7120,0.9800266642204492,0.9696006467259499,0.7475535385051766,0.9918838908933058,0.9023753477423496,0.8177005565359033,0.6916188289322618,13057,5008,26,99,62,6,31,0.6587194645495041,1.0,889,0.6985376827896513,4,92,0.782608695652174
unet_standard,41,2,im0082,30965,271868,5503,2345,0.9948743126645708,0.9747393628834721,0.929600720504353,0.9801601465185618,0.8491005813315784,0.8875290206082146,0.797799706283977,13893,1506,292,106,90,5,11,0.8796128399901985,1.0,843,0.8884934756820878,1,20,1.0
unet_standard,41,2,im0239,31101,270862,3801,5470,0.990677357048182,0.9702121233541322,0.8504279347023598,0.9861612230260356,0.8910950661853189,0.8702866816839926,0.7703606459922718,15247,3951,422,117,97,3,17,0.8368862381682894,1.0,969,0.8142414860681114,4,88,0.6477272727272727
unet_standard,41,2,im0319,14937,288307,3379,3308,0.9915272074850263,0.9784242299092378,0.81869005206906,0.9884156250214271,0.8155164883162263,0.8171001887256913,0.6907602663706992,9439,1991,252,60,53,1,6,0.8971031746031746,1.0,582,0.9123711340206185,4,117,1.0
unet_standard,41,3,im0001,26392,273577,3885,7407,0.9848871918950165,0.9637217640501059,0.7808515044823812,0.9859980826203227,0.8716847772236351,0.8237717710219115,0.7003502812864877,13119,3291,426,85,65,5,15,0.7903314659197013,1.0,658,0.7796352583586627,3,67,1.0
unet_standard,41,3,im0005,27920,269290,4474,10337,0.9824550803093088,0.9525320411126175,0.7298010821548998,0.9836574567875981,0.861888003951349,0.7903639014309777,0.6533898106760899,12603,4828,2385,54,41,7,6,0.8281505531505532,1.0,446,0.8565022421524664,0,0,
unet_standard,41,3,im0077,31469,269658,6414,2471,0.9942903855771238,0.9713398191037766,0.9271950500883913,0.9767669303659915,0.8306892273579178,0.8762931094496192,0.779823561480894,12666,1175,652,90,87,2,1,0.9685185185185186,1.0,806,0.9602977667493796,6,150,0.86
unet_standard,41,3,im0163,31057,272447,6207,1694,0.9957656115304212,0.974627896148103,0.9482763885072212,0.9777250640579357,0.8334317303563761,0.887152752981504,0.7971918476307819,12614,905,458,104,99,3,2,0.9622367216117216,1.0,977,0.970317297850563,5,160,1.0
unet_standard,41,4,im0003,21740,282966,4454,3605,0.9904022093056122,0.9742330503732834,0.8577628723614125,0.9845035140212929,0.8299610597846835,0.8436329769688974,0.7295546830430552,9483,2773,665,83,65,7,11,0.8264462612354178,1.0,702,0.8262108262108262,3,67,0.835820895522388
unet_standard,41,4,im0004,21483,270764,4051,9907,0.9806809267275213,0.9544161591090936,0.6843899330997133,0.9852591743536561,0.841348789848829,0.7547958681751107,0.6061623543353742,8935,3690,2217,45,27,5,13,0.6459298871063577,1.0,412,0.6771844660194175,1,23,1.0
unet_standard,41,4,im0139,29853,268938,6952,4204,0.9874623288194372,0.9640067495410506,0.8765598848988461,0.9748015513429266,0.8111126205678576,0.8425672433744461,0.7279621546489795,13841,2759,639,98,77,6,15,0.8057528780743066,1.0,804,0.8121890547263682,3,70,1.0
unet_standard,41,4,im0235,33144,267044,4442,4556,0.9931245717766982,0.9708977767428021,0.8791511936339522,0.983638198654811,0.881817698079072,0.8804824270116622,0.7864837928907029,12635,2432,258,91,82,2,7,0.9148351648351648,1.0,777,0.918918918918919,4,100,1.0
unet_standard,42,0,im0236,33185,267139,3483,5172,0.9930790440530642,0.9719883875603197,0.8651615089814115,0.9871296494741744,0.9050125449983637,0.8846384538487171,0.7931405353728489,13589,2840,235,98,81,6,11,0.8542872093892503,1.0,831,0.8712394705174489,2,47,1.0
unet_standard,42,0,im0255,30321,269293,2345,7582,0.9918120683469892,0.9679299349682271,0.7999630636097407,0.9913671872123929,0.9282128206698096,0.8593291671980615,0.7533542039355993,19437,5542,90,132,101,9,22,0.7973941907765437,1.0,1133,0.7987643424536628,4,92,0.5434782608695652
unet_standard,42,0,im0291,17027,286314,1861,4391,0.9899308627084402,0.9798057449619338,0.7949855261929218,0.993542118504381,0.9014718339686574,0.8448866173770655,0.7314317625327549,7222,2152,22,46,32,2,12,0.7174588171752633,1.0,412,0.6723300970873787,2,47,0.10638297872340426
unet_standard,42,0,im0324,23114,276124,6637,5147,0.9847180271484386,0.9621120049385574,0.817876225186653,0.976527880436128,0.776915061678599,0.7968696131834793,0.6623302194968193,7363,1984,1112,42,35,1,6,0.8476190476190476,1.0,313,0.865814696485623,0,0,
unet_standard,42,1,im0044,25885,308959,5923,3611,0.9920014487106433,0.9723153046942604,0.8775766205587199,0.9811897790283344,0.8137889839034205,0.8444799686806733,0.7308224399333692,10327,2115,1179,87,73,7,7,0.8816788575409267,1.0,647,0.8902627511591963,1,20,1.0
unet_standard,42,1,im0081,28905,272950,5544,2708,0.994233553524922,0.9733898299619164,0.9143390377376396,0.9800929283934304,0.8390664460506836,0.8750870394477914,0.7779153322388783,12852,1369,389,69,56,5,8,0.8568646329515894,1.0,603,0.8723051409618574,3,70,1.0
unet_standard,42,1,im0162,26716,275020,4890,3464,0.9933204936008614,0.9730594343577671,0.8852220013253811,0.9825300989603801,0.8452825412896285,0.8647913766872755,0.7617907043056744,17745,2635,190,174,147,11,16,0.8730796781443333,1.0,1430,0.8762237762237762,5,141,0.8794326241134752
unet_standard,42,1,im0240,33033,263792,3086,10210,0.9831275690029111,0.9571264119488845,0.7638924218948732,0.9884366639438246,0.9145602037708686,0.8324638995993044,0.7130091303503205,10414,3616,353,50,34,4,12,0.7088333333333332,1.0,369,0.7425474254742548,0,0,
unet_standard,42,2,im0002,21874,278245,2801,6330,0.984792176557931,0.9704737267582861,0.7755637498227201,0.9900336599702539,0.886484295845998,0.8273227557253352,0.7054991130462829,13057,4616,28,99,66,4,29,0.6872705296947721,1.0,889,0.7019122609673791,4,92,0.75
unet_standard,42,2,im0082,30526,272307,5064,2784,0.9946822386624918,0.9747393628834721,0.9164214950465326,0.9817428642504082,0.8577128406855858,0.8860957910014514,0.7954865273362173,13893,1806,236,106,90,9,7,0.8917946309455743,1.0,843,0.8908659549228944,1,20,0.9
unet_standard,42,2,im0239,30846,271002,3661,5725,0.9909953747906508,0.9698426264482672,0.8434551967405868,0.9866709385683546,0.893905584374185,0.8679478882354597,0.7667031218930205,15247,4067,351,117,96,7,14,0.8427358254281332,1.0,969,0.8121775025799793,4,88,0.5909090909090909
unet_standard,42,2,im0319,15031,287119,4567,3214,0.9892465667707365,0.9748944119820218,0.8238421485338449,0.9843427521375726,0.7669660169405041,0.7943873371561452,0.6589075924951779,9439,1896,699,60,54,1,5,0.9061904761904761,1.0,582,0.9226804123711341,4,117,1.0
unet_standard,42,3,im0001,27988,273404,4058,5811,0.9875040922348213,0.968293490029268,0.8280718364448653,0.9853745738155135,0.873369531298758,0.8501177006606424,0.7393084502205669,13119,3172,380,85,64,5,16,0.7798892284186403,1.0,658,0.770516717325228,3,67,1.0
unet_standard,42,3,im0005,28280,269597,4167,9977,0.9835757987424721,0.9546697177433571,0.7392111247614815,0.9847788606244795,0.8715751841464542,0.7999547408916045,0.6666038091646238,12603,4495,2171,54,46,5,3,0.8945005611672278,1.0,446,0.905829596412556,0,0,
unet_standard,42,3,im0077,31606,269427,6645,2334,0.9941861608574419,0.9710366050346438,0.9312315851502652,0.9759301921237938,0.8262790515280646,0.8756216148827416,0.7787606258469878,12666,1049,574,90,85,3,2,0.9651659451659452,1.0,806,0.9528535980148883,6,150,0.8733333333333333
unet_standard,42,3,im0163,31163,271983,6671,1588,0.9957449664581287,0.9734782678505484,0.9515129309028731,0.9760599165990799,0.8236771158217476,0.8829921371396189,0.7904976916442595,12614,863,573,104,96,4,4,0.9467032967032967,1.0,977,0.9611054247697032,5,160,1.0
unet_standard,42,4,im0003,22018,282067,5353,3327,0.9898207004145794,0.9722475340910908,0.8687315052278556,0.981375687147728,0.8044280442804428,0.8353441080506867,0.7172454231546029,9483,2652,791,83,65,5,13,0.8060288774144195,1.0,702,0.8062678062678063,3,67,0.7611940298507462
unet_standard,42,4,im0004,22781,270337,4478,8609,0.9815547057730754,0.9572606587090348,0.7257406817457789,0.9837054018157669,0.8357239810704722,0.7768589404763935,0.635134381621501,8935,3184,2129,45,31,5,9,0.7291283764967975,1.0,412,0.7694174757281553,1,23,1.0
unet_standard,42,4,im0139,30203,268265,7625,3854,0.9871093511122223,0.9629646358893618,0.8868367736441848,0.9723621733299503,0.7984297345881358,0.8403143910412464,0.7246053452329543,13841,2587,428,98,72,12,14,0.7806416797488226,1.0,804,0.7873134328358209,3,70,1.0
unet_standard,42,4,im0235,33610,266460,5026,4090,0.9917021237140062,0.970516129449587,0.8915119363395225,0.9814870748399549,0.8699140697794803,0.8805805910710542,0.7866404531198802,12635,2211,196,91,81,3,7,0.9047619047619049,1.0,777,0.915057915057915,4,100,1.0
unet_standard,43,0,im0236,33495,267072,3550,4862,0.9934706555038555,0.9727748487761304,0.8732434757671351,0.9868820716719262,0.9041706033202861,0.8884379724675738,0.7992698117259647,13589,3042,277,98,80,3,15,0.8268707482993197,1.0,831,0.8435619735258725,2,47,1.0
unet_standard,43,0,im0255,29758,269444,2194,8145,0.9914408697811837,0.9665989319670092,0.7851093580983035,0.9919230740912538,0.931334501752629,0.8519934149309284,0.742150285557523,19437,5994,119,132,106,8,18,0.8224261033084563,1.0,1133,0.824360105913504,4,92,0.7065217391304348
unet_standard,43,0,im0291,17070,286339,1836,4348,0.9898295391325994,0.9800253881709212,0.7969931833037632,0.9936288713455366,0.9028879720723579,0.8466421981946235,0.7340672572460651,7222,2255,24,46,31,3,12,0.7072981366459627,1.0,412,0.6480582524271845,2,47,0.0
unet_standard,43,0,im0324,23149,275979,6782,5112,0.9826018063833298,0.961758332208011,0.8191146810091646,0.9760150798731084,0.7734121813504393,0.795607643662359,0.6605884199412151,7363,2045,997,42,38,2,2,0.915873015873016,1.0,313,0.9233226837060703,0,0,
unet_standard,43,1,im0044,26213,308719,6163,3283,0.992832081493852,0.9725708378583998,0.8886967724437211,0.9804275887475308,0.8096429453916482,0.8473299715541763,0.735101937799714,10327,1894,1290,87,79,3,5,0.9161345762525437,1.0,647,0.9041731066460588,1,20,1.0
unet_standard,43,1,im0081,28967,272383,6111,2646,0.993889436828689,0.9717613597887181,0.9163002562237055,0.978056977888213,0.8257882433434062,0.8686929270816152,0.7678666101155763,12852,1254,422,69,63,2,4,0.9167426776122428,1.0,603,0.9237147595356551,3,70,1.0
unet_standard,43,1,im0162,27700,273545,6365,2480,0.9935518499165417,0.9714760230900706,0.9178263750828363,0.9772605480332964,0.813151328342874,0.8623239162580746,0.7579696264878917,17745,1852,269,174,155,10,9,0.9202603670276086,1.0,1430,0.9216783216783216,5,141,0.900709219858156
unet_standard,43,1,im0240,34895,262315,4563,8348,0.9843998242312654,0.9583678628664296,0.8069514141017043,0.9829022999273076,0.8843580515991687,0.8438833871416307,0.7299292975777099,10414,3302,720,50,35,4,11,0.7398888888888889,1.0,369,0.7642276422764228,0,0,
unet_standard,43,2,im0002,22019,277799,3247,6185,0.9838522573112469,0.9695004042037186,0.7807048645582187,0.9884467311400981,0.8714873743370537,0.8236020198242004,0.7001049251216177,13057,4536,89,99,67,6,26,0.7053478459275561,1.0,889,0.7255343082114736,4,92,0.7608695652173914
unet_standard,43,2,im0082,30814,271350,6021,2496,0.9941982615926371,0.972586028756184,0.9250675472830981,0.9782926117005744,0.8365413329713588,0.8785800841114834,0.7834532557016094,13893,1712,320,106,92,6,8,0.8985260284788587,1.0,843,0.8932384341637011,1,20,0.9
unet_standard,43,2,im0239,30988,270581,4082,5583,0.9905071435124401,0.9689461948244729,0.847338054742829,0.985138151116095,0.8836042201311662,0.86509121871554,0.762256168056478,15247,3990,543,117,94,8,15,0.8287190966678146,1.0,969,0.7884416924664602,4,88,0.5113636363636364
unet_standard,43,2,im0319,15056,287591,4095,3189,0.9905661747777904,0.9764979947149527,0.8252123869553303,0.9859609305897438,0.7861730457939533,0.8052198096053054,0.6739480752014324,9439,1903,568,60,55,2,3,0.9252380952380952,1.0,582,0.9347079037800687,4,117,1.0
unet_standard,43,3,im0001,28012,273636,3826,5787,0.990377943992362,0.9691159509222164,0.8287819166247522,0.9862107243514427,0.8798291349959169,0.85354297119003,0.7445049833887043,13119,3260,332,85,66,4,15,0.7880392156862746,1.0,658,0.7750759878419453,3,67,1.0
unet_standard,43,3,im0005,27060,270224,3540,11197,0.9820670549657484,0.9527692046368674,0.7073215359280655,0.9870691544542014,0.884313725490196,0.7859767343915651,0.6474148862358543,12603,5078,1795,54,39,5,10,0.7724106140772808,1.0,446,0.804932735426009,0,0,
unet_standard,43,3,im0077,31082,270302,5770,2858,0.9935406925990783,0.9721688192715121,0.9157925751325869,0.9790996551624214,0.8434277651145121,0.8781218216747655,0.7827247544699069,12666,1274,577,90,87,3,0,0.9761279461279461,1.0,806,0.967741935483871,6,150,0.9066666666666666
unet_standard,43,3,im0163,30904,272524,6130,1847,0.9957308343395888,0.9743838409787897,0.9436047754267045,0.9780013924077888,0.8344764270670195,0.8856917675718278,0.7948355237776806,12614,971,631,104,92,11,1,0.9328983516483517,1.0,977,0.9365404298874105,5,160,1.0
unet_standard,43,4,im0003,22873,279947,7473,2472,0.9900225849253442,0.9682029638866242,0.9024659696192543,0.9739997216616798,0.7537401964015027,0.821425364960227,0.6969650801389481,9483,1966,1170,83,68,3,12,0.8354919678714859,1.0,702,0.8290598290598291,3,67,0.8507462686567164
unet_standard,43,4,im0004,23937,269134,5681,7453,0.9804574352451659,0.9571071667673617,0.7625676967187002,0.9793279115041028,0.8081909649537443,0.7847167584579071,0.6457068867848184,8935,2769,2438,45,31,5,9,0.736931216931217,1.0,412,0.7669902912621359,1,23,1.0
unet_standard,43,4,im0139,31326,264887,11003,2731,0.9878575278551429,0.9556891984758684,0.9198109052470858,0.9601181630359926,0.740060006142361,0.8202026549367685,0.6952063914780293,13841,1898,1247,98,79,6,13,0.8313568376068375,1.0,804,0.8271144278606966,3,70,1.0
unet_standard,43,4,im0235,34163,264401,7085,3537,0.9907611688424086,0.965645275012452,0.9061803713527852,0.9739028900201115,0.8282340961986036,0.8654557430207225,0.7628223735625768,12635,1734,476,91,82,4,5,0.9201680672268907,1.0,777,0.9253539253539254,4,100,1.0
unet_dpd_v3,41,0,im0236,33496,267296,3326,4861,0.9932030845859399,0.9735030536055849,0.8732695466277342,0.9877097944734722,0.9096735647167454,0.8910999082190505,0.803588993114699,13589,2909,212,98,83,2,13,0.8534742468415938,1.0,831,0.8628158844765343,2,47,1.0
unet_dpd_v3,41,0,im0255,29495,269749,1889,8408,0.9920030273630077,0.966734616738978,0.7781705933567263,0.9930458919591515,0.9398100943155748,0.8513862629353269,0.7412293928427824,19437,6222,71,132,98,7,27,0.7685704150276342,1.0,1133,0.7669902912621359,4,92,0.4782608695652174
unet_dpd_v3,41,0,im0291,17331,285767,2408,4087,0.9906239112200473,0.9790208434945235,0.8091791950695677,0.9916439663398976,0.8780080044581793,0.8421896639696771,0.7273986401410224,7222,2155,56,46,32,2,12,0.7205644072373751,1.0,412,0.6747572815533981,2,47,0.10638297872340426
unet_dpd_v3,41,0,im0324,23941,275039,7722,4320,0.9844865160918703,0.961282481625094,0.8471391670499983,0.9726907176024983,0.7561191295834254,0.7990454575796009,0.6653419670399912,7363,1766,792,42,37,3,2,0.9156746031746033,1.0,313,0.9201277955271565,0,0,
unet_dpd_v3,41,1,im0044,25181,309780,5102,4315,0.9919374978189573,0.9726550476511275,0.853708977488473,0.98379710494725,0.8315226364627019,0.8424697636293682,0.727816636799815,10327,2273,1462,87,77,3,7,0.899772943330112,1.0,647,0.8995363214837713,1,20,1.0
unet_dpd_v3,41,1,im0081,28666,273200,5294,2947,0.9940973810688915,0.9734253015894514,0.9067788567994179,0.9809906138013745,0.844110718492344,0.8743232732984613,0.7767090253881378,12852,1414,436,69,62,3,4,0.9224326398239442,1.0,603,0.9369817578772802,3,70,1.0
unet_dpd_v3,41,1,im0162,26945,274639,5271,3235,0.9933873950750856,0.9725692540875229,0.8928098078197482,0.9811689471615876,0.8363856468835361,0.8636771587922303,0.76006318580576,17745,2423,233,174,147,12,15,0.8755698085439465,1.0,1430,0.8839160839160839,5,141,0.900709219858156
unet_dpd_v3,41,1,im0240,32852,263812,3066,10391,0.9852419965612144,0.956607259747002,0.7597067733506001,0.9885116045533915,0.9146388997160199,0.8300046740187719,0.7094085382970913,10414,3918,662,50,32,7,11,0.6993492063492064,1.0,369,0.7154471544715447,0,0,
unet_dpd_v3,41,2,im0002,22025,278419,2627,6179,0.9864256874666438,0.9715246564268392,0.7809176003403773,0.9906527757021982,0.8934366380009735,0.8333963977599516,0.7143783853913269,13057,4403,99,99,69,7,23,0.7207464728215717,1.0,889,0.7547806524184477,4,92,0.9565217391304348
unet_dpd_v3,41,2,im0082,30231,272493,4878,3079,0.9942074166865377,0.9743885207012981,0.9075652957069948,0.9824134462506895,0.8610612663419636,0.8837018956722548,0.7916361160574003,13893,1935,273,106,93,4,9,0.8916292303084756,1.0,843,0.8979833926453143,1,20,0.9
unet_dpd_v3,41,2,im0239,29842,271845,2818,6729,0.9915452462835699,0.9693253307800561,0.816001750020508,0.9897401542981763,0.9137170851194121,0.8620993485577271,0.7576226865368504,15247,4350,221,117,95,7,15,0.8390229903050417,1.0,969,0.8101135190918473,4,88,0.6590909090909091
unet_dpd_v3,41,2,im0319,14472,288203,3483,3773,0.9886300997528648,0.9765883374041319,0.7932036174294327,0.9880590772268809,0.806015037593985,0.7995580110497238,0.6660530191458026,9439,2315,510,60,52,2,6,0.8825396825396825,1.0,582,0.9140893470790378,4,117,1.0
unet_dpd_v3,41,3,im0001,28763,272358,5104,5036,0.9889906154230594,0.9674228380683735,0.8510015089203823,0.9816046882095566,0.849292821921044,0.8501463068601661,0.7393517209469707,13119,2634,632,85,67,7,11,0.8255508870214753,1.0,658,0.8054711246200608,3,67,1.0
unet_dpd_v3,41,3,im0005,29072,268451,5313,9185,0.9828593164032156,0.953535178721945,0.7599132184959615,0.9805927733376193,0.8454849498327759,0.8004184906803227,0.667248106495295,12603,4217,2867,54,46,4,4,0.8927970177970179,1.0,446,0.9103139013452914,0,0,
unet_dpd_v3,41,3,im0077,31795,268725,7347,2145,0.9940529048808854,0.9693818303807594,0.9368002357100766,0.9733873772059463,0.8122988094629809,0.8701184970307326,0.7700971250030276,12666,945,918,90,87,1,2,0.9736507936507937,1.0,806,0.9640198511166254,6,150,0.8733333333333333
unet_dpd_v3,41,3,im0163,31298,271722,6932,1453,0.9958376722681965,0.9730736500698447,0.9556349424445055,0.9751232711534735,0.8186764321213706,0.8818697961426297,0.7887004510747675,12614,703,580,104,99,3,2,0.9684065934065935,1.0,977,0.9754350051177073,5,160,1.0
unet_dpd_v3,41,4,im0003,22194,282254,5166,3151,0.9907632156581531,0.9734081498888942,0.8756756756756757,0.9820263029712616,0.8111842105263158,0.8421971349966796,0.7274097866343286,9483,2465,699,83,69,4,10,0.8443129661503156,1.0,702,0.8304843304843305,3,67,0.8059701492537313
unet_dpd_v3,41,4,im0004,21399,271594,3221,9991,0.9817041382242508,0.9568524354599043,0.6817139216310927,0.988279387951895,0.8691714053614947,0.7641135511515801,0.6182716477420473,8935,3607,1578,45,32,2,11,0.7187524366471735,1.0,412,0.7621359223300971,1,23,1.0
unet_dpd_v3,41,4,im0139,30468,268174,7716,3589,0.987622063204219,0.9635260221908907,0.8946178465513698,0.9720323317264127,0.7979258328095538,0.8435099181905013,0.7293706461111245,13841,2493,601,98,74,9,15,0.7849003887269193,1.0,804,0.7910447761194029,3,70,1.0
unet_dpd_v3,41,4,im0235,33494,266670,4816,4206,0.9926372972107477,0.970820153564521,0.8884350132625994,0.9822605953898175,0.8742886974680241,0.8813050914353374,0.7877975350456299,12635,2224,239,91,81,3,7,0.9089133089133089,1.0,777,0.9137709137709138,4,100,1.0
unet_dpd_v3,42,0,im0236,33100,267373,3249,5257,0.9933200947954919,0.9724706209807139,0.8629454858304872,0.9879943241865037,0.9106165231505681,0.8861403367868712,0.7955583329327501,13589,3020,169,98,81,3,14,0.8373856685531356,1.0,831,0.8495788206979543,2,47,1.0
unet_dpd_v3,42,0,im0255,29876,269631,2007,8027,0.9921255348270053,0.9675842618586875,0.7882225681344485,0.9926114902922272,0.9370510930589969,0.8562175794571977,0.7485843147080932,19437,5732,75,132,104,6,22,0.8013397809855028,1.0,1133,0.8014121800529568,4,92,0.5108695652173914
unet_dpd_v3,42,0,im0291,17304,285946,2229,4114,0.9895374926474962,0.9795118106675539,0.8079185731627603,0.9922651166825713,0.8858854246659499,0.8451075675807672,0.7317630143358566,7222,2157,38,46,32,1,13,0.7111801242236025,1.0,412,0.6577669902912622,2,47,0.0
unet_dpd_v3,42,0,im0324,24704,273776,8985,3557,0.9852615335260877,0.9596748783044287,0.8741375039807509,0.9682240478708167,0.733295734512749,0.797546408393866,0.6632658540514418,7363,1313,1543,42,36,2,4,0.8869047619047619,1.0,313,0.8977635782747604,0,0,
unet_dpd_v3,42,1,im0044,25788,308976,5906,3708,0.9919380082219252,0.97208300181777,0.8742880390561432,0.9812437675065581,0.8136555814980754,0.8428828239908481,0.728433421840574,10327,1982,1123,87,77,5,5,0.9073879185948152,1.0,647,0.910355486862442,1,20,1.0
unet_dpd_v3,42,1,im0081,29215,272366,6128,2398,0.9940218478258299,0.9725062639669534,0.9241451301679688,0.9779959352804728,0.8266134736722972,0.8726626441244997,0.7740918364643227,12852,1202,619,69,60,4,5,0.8895078893661125,1.0,603,0.8955223880597015,3,70,0.9714285714285714
unet_dpd_v3,42,1,im0162,27225,274459,5451,2955,0.9934382458775268,0.9728917411074204,0.9020874751491054,0.9805258833196384,0.8331803158281308,0.8662657502863689,0.764081838848194,17745,2157,357,174,160,7,7,0.9383185181676561,1.0,1430,0.9475524475524476,5,141,0.9787234042553191
unet_dpd_v3,42,1,im0240,34655,262714,4164,8588,0.9834593840492225,0.9588805659726365,0.8014013828827787,0.9843973650881677,0.8927329400551276,0.8446052984328922,0.7310101883688063,10414,3324,638,50,36,1,13,0.7330952380952381,1.0,369,0.7452574525745257,0,0,
unet_dpd_v3,42,2,im0002,22022,278009,3037,6182,0.9855719365212966,0.9701891673403396,0.780811232449298,0.9891939397820997,0.8788060177979967,0.8269154948087791,0.7049070132198073,13057,4538,72,99,68,3,28,0.6975076721453534,1.0,889,0.7142857142857143,4,92,0.8369565217391305
unet_dpd_v3,42,2,im0082,30472,272100,5271,2838,0.9942481522327967,0.9738992728876242,0.9148003602521765,0.9809965713791275,0.852530565425398,0.8825684619060722,0.7898188227365802,13893,1811,391,106,91,7,8,0.8895811211848947,1.0,843,0.8896797153024911,1,20,0.9
unet_dpd_v3,42,2,im0239,30852,270517,4146,5719,0.9906664432833363,0.968303591509925,0.8436192611632167,0.9849051382967491,0.8815360877764443,0.8621609914907292,0.7577179065255298,15247,4107,700,117,96,7,14,0.8472003068156914,1.0,969,0.8132094943240454,4,88,0.5568181818181818
unet_dpd_v3,42,2,im0319,15418,286132,5554,2827,0.9875356499643645,0.972958497213896,0.8450534392984379,0.9809589764335621,0.735170703795537,0.7862916592294158,0.6478423463170722,9439,1611,1259,60,56,0,4,0.9333333333333333,1.0,582,0.9432989690721649,4,117,1.0
unet_dpd_v3,42,3,im0001,27377,273702,3760,6422,0.9874779830308154,0.9672879030781242,0.8099943785319093,0.986448594762526,0.8792433439316568,0.8431994579278058,0.7289065204078916,13119,3197,401,85,64,7,14,0.7859587471352176,1.0,658,0.7735562310030395,3,67,1.0
unet_dpd_v3,42,3,im0005,27957,270264,3500,10300,0.9846278325334344,0.9557722076398704,0.7307682254227984,0.9872152657033065,0.8887370060717805,0.8020483690506929,0.6695164882534664,12603,4569,1670,54,45,7,2,0.8887766554433221,1.0,446,0.899103139013453,0,0,
unet_dpd_v3,42,3,im0077,31541,269433,6639,2399,0.9937488000384653,0.9708462898210392,0.9293164407778433,0.9759519255846301,0.8261131482451546,0.8746810870770937,0.7772739594371473,12666,1055,690,90,86,2,2,0.9671717171717172,1.0,806,0.956575682382134,6,150,0.86
unet_dpd_v3,42,3,im0163,31089,271995,6659,1662,0.9956443985562401,0.9732791702124244,0.9492534579096822,0.9761029807574986,0.8235933029564481,0.8819699570206669,0.7888606952550115,12614,852,669,104,97,3,4,0.9506562881562881,1.0,977,0.9631525076765609,5,160,1.0
unet_dpd_v3,42,4,im0003,21935,282382,5038,3410,0.9903496679371401,0.9729893050693013,0.8654566975734859,0.9824716442836268,0.8132206280354428,0.8385259375358385,0.7219497745449758,9483,2664,873,83,65,3,15,0.8020749665327979,1.0,702,0.7991452991452992,3,67,0.8059701492537313
unet_dpd_v3,42,4,im0004,23077,270175,4640,8313,0.9823429532139079,0.9576982740321027,0.7351704364447276,0.9831159143423758,0.8325937150485262,0.7808550594684217,0.6404940327504857,8935,2957,2316,45,33,6,6,0.7861245706859742,1.0,412,0.8058252427184466,1,23,1.0
unet_dpd_v3,42,4,im0139,30355,268525,7365,3702,0.9893698381553417,0.9642938954079245,0.891299879613589,0.9733045779114865,0.804745493107105,0.8458141187288407,0.7328231374631838,13841,2453,541,98,77,6,15,0.8090157858015,1.0,804,0.8034825870646766,3,70,1.0
unet_dpd_v3,42,4,im0235,33598,266420,5066,4102,0.9927530340872148,0.9703479458966447,0.8911936339522546,0.981339737592362,0.8689737223256776,0.879943428840815,0.7856240939063742,12635,2185,348,91,82,4,5,0.9174369747899159,1.0,777,0.9292149292149292,4,100,1.0
unet_dpd_v3,43,0,im0236,33665,267020,3602,4692,0.993509211759729,0.9731567517533554,0.8776755220689835,0.986689921735853,0.9033461239166019,0.8903258224902147,0.8023308467789986,13589,2953,249,98,81,3,14,0.832611945877252,1.0,831,0.8447653429602888,2,47,1.0
unet_dpd_v3,43,0,im0255,29660,269433,2205,8243,0.9913159326595681,0.966246797677852,0.7825238107801493,0.9918825790206083,0.9308018201788797,0.8502465313610824,0.7395033409793558,19437,6086,127,132,102,13,17,0.8207884027736968,1.0,1133,0.8252427184466019,4,92,0.6956521739130435
unet_dpd_v3,43,0,im0291,17155,286150,2025,4263,0.9899238131996251,0.9796894632630583,0.8009618078251938,0.9929730198664006,0.8944212721584984,0.8451155229321642,0.73177494347993,7222,2187,26,46,33,2,11,0.7391304347826086,1.0,412,0.6771844660194175,2,47,0.0
unet_dpd_v3,43,0,im0324,22981,275976,6785,5280,0.9821742496246817,0.9612085318723435,0.813170093061109,0.9760044702062873,0.772055365181751,0.7920795491753839,0.6557381726873253,7363,2142,832,42,36,1,5,0.8611111111111113,1.0,313,0.8753993610223643,0,0,
unet_dpd_v3,43,1,im0044,26307,307699,7183,3189,0.9918820922067048,0.9698819320630238,0.8918836452400325,0.9771882800541155,0.785518065094058,0.8353284856952339,0.7172223888328472,10327,1754,1978,87,80,3,4,0.93098223615465,1.0,647,0.9397217928902627,1,20,1.0
unet_dpd_v3,43,1,im0081,28917,272742,5752,2696,0.994056716910935,0.9727577900531107,0.914718628412362,0.9793460541340209,0.8340880902246964,0.872544582239522,0.7739060618225613,12852,1383,599,69,64,2,3,0.9421810073983986,1.0,603,0.9502487562189055,3,70,1.0
unet_dpd_v3,43,1,im0162,26956,274826,5084,3224,0.9934806509329812,0.97320777838692,0.8931742876076872,0.9818370190418348,0.8413233458177278,0.8664738026358084,0.7644056261343013,17745,2453,456,174,150,12,12,0.8953081520969453,1.0,1430,0.9076923076923077,5,141,0.9361702127659575
unet_dpd_v3,43,1,im0240,33901,263218,3660,9342,0.9845326185650971,0.9580744290131916,0.7839650348033208,0.9862858684492539,0.9025585048321397,0.8390921241522696,0.72278958702002,10414,3581,588,50,35,4,11,0.745,1.0,369,0.7669376693766937,0,0,
unet_dpd_v3,43,2,im0002,22115,277446,3600,6089,0.9841932430060418,0.9686693613581245,0.7841086370727557,0.9871907089942572,0.8600038887808672,0.8203045308703797,0.6953527858131052,13057,4580,90,99,65,8,26,0.6944668339760567,1.0,889,0.7142857142857143,4,92,0.8586956521739131
unet_dpd_v3,43,2,im0082,30815,271038,6333,2495,0.994072079675843,0.9715850019795224,0.9250975682978084,0.9771677644742962,0.8295197588026273,0.8747054983110506,0.777312514189138,13893,1828,331,106,86,12,8,0.8646103634311182,1.0,843,0.8540925266903915,1,20,0.85
unet_dpd_v3,43,2,im0239,30656,270920,3743,5915,0.9905000370786065,0.9689686859404821,0.838259823357305,0.9863723908935678,0.891188697345853,0.863914329998591,0.7604306196358586,15247,4315,212,117,96,5,16,0.8369642465796312,1.0,969,0.7966976264189887,4,88,0.5227272727272727
unet_dpd_v3,43,2,im0319,15171,287089,4597,3074,0.9899888232033761,0.9752493296895115,0.8315154836941628,0.9842399018122228,0.7674524484014569,0.7982006155788809,0.6641712634620436,9439,1865,674,60,55,1,4,0.9261904761904761,1.0,582,0.9381443298969072,4,117,1.0
unet_dpd_v3,43,3,im0001,27475,273837,3625,6324,0.9898923521241936,0.9680364710002217,0.8128938725997811,0.9869351478761056,0.8834405144694534,0.8467002573229171,0.7341545532278752,13119,3528,346,85,62,9,14,0.7774509803921568,1.0,658,0.7674772036474165,3,67,1.0
unet_dpd_v3,43,3,im0005,26528,270241,3523,11729,0.9812501692169499,0.9511186747045872,0.6934155840761168,0.9871312517350711,0.8827659645269709,0.7767172219944956,0.6349449497367161,12603,5360,1916,54,38,8,8,0.7808962642295977,1.0,446,0.8004484304932735,0,0,
unet_dpd_v3,43,3,im0077,30725,270731,5341,3215,0.993404598753781,0.9724010683457415,0.9052740129640542,0.9806535976122172,0.851910386513614,0.8777819044081936,0.7821847712634608,12666,1508,538,90,82,7,1,0.9442536475869809,1.0,806,0.9454094292803971,6,150,0.9
unet_dpd_v3,43,3,im0163,30763,272864,5790,1988,0.9957605411819268,0.9750228801721231,0.9392995633721107,0.979221543562985,0.841599868683829,0.8877698256954866,0.7981889416465582,12614,1054,576,104,92,8,4,0.9221897893772893,1.0,977,0.9263050153531218,5,160,1.0
unet_dpd_v3,43,4,im0003,21995,281836,5584,3350,0.9893768499061981,0.9714354227614983,0.86782402840797,0.980571985248069,0.7975271039559085,0.8311918978157358,0.711144880209512,9483,2601,650,83,62,9,12,0.8134714181400928,1.0,702,0.811965811965812,3,67,0.835820895522388
unet_dpd_v3,43,4,im0004,21243,271114,3701,10147,0.9801282932048869,0.9547753955683284,0.6767441860465117,0.9865327584011062,0.8516276459268762,0.7541804239003089,0.6053688980080363,8935,3906,1943,45,29,6,10,0.6943079922027291,1.0,412,0.7330097087378641,1,23,1.0
unet_dpd_v3,43,4,im0139,30990,266369,9521,3067,0.9876260323992637,0.9593866048066282,0.9099450920515606,0.9654898691507485,0.7649774135420009,0.8311876408110718,0.711138647941622,13841,2071,993,98,77,7,14,0.8156038972365504,1.0,804,0.804726368159204,3,70,1.0
unet_dpd_v3,43,4,im0235,33408,266685,4801,4292,0.9929097432245921,0.970590518328773,0.8861538461538462,0.9823158468576648,0.8743489753722945,0.880211832589021,0.786052092891932,12635,2398,172,91,78,5,8,0.8908676291029232,1.0,777,0.8828828828828829,4,100,1.0
