observer,architecture,seed,image_id,AUC,accuracy,sensitivity,specificity,precision,F1,IoU,thin_FN,far_FP,recovered,partial,missed,length_weighted_coverage,long_branch_coverage
OBSERVER_1,Standard U-Net,41,01,0.9863200058829042,0.9542421905988582,0.890656874745002,0.9638345344036109,0.7879207146509459,0.8361448475079398,0.7184268984998492,2466,104,145,10,13,0.8845177664974619,0.8451327433628318
OBSERVER_1,Standard U-Net,41,02,0.9859784221838443,0.9561147467423707,0.860154790499066,0.9730252294057399,0.8489273903245632,0.8545042125729099,0.745968882602546,2750,351,110,7,28,0.786697247706422,1.0
OBSERVER_1,Standard U-Net,41,03,0.9759771820807215,0.9455625600836408,0.7454844006568144,0.9796827438148527,0.8622072167123865,0.7996086105675146,0.6661232474731007,4430,137,87,10,42,0.6732283464566929,0.8368200836820083
OBSERVER_1,Standard U-Net,41,04,0.9740846114665003,0.9566168813192897,0.798734469235079,0.980905928998043,0.8655096064566816,0.8307824149455824,0.7105456037995836,3929,80,106,19,63,0.5900767867690491,0.4961832061068702
OBSERVER_1,Standard U-Net,41,05,0.9719600224249301,0.9522998071965322,0.7516020454398343,0.983810564292792,0.879359309326366,0.8104769050901286,0.6813460861401244,5572,51,90,17,60,0.5953360768175583,0.7724550898203593
OBSERVER_1,Standard U-Net,41,06,0.9725723456364376,0.9490503254959363,0.7325027254321756,0.9846310531541398,0.8867647058823529,0.8022857142857143,0.6698473282442748,6021,99,87,25,74,0.5222968845448992,0.6144578313253012
OBSERVER_1,Standard U-Net,41,07,0.9762159486514955,0.9553003184363676,0.7723261677282378,0.9832228865342655,0.8753901109231058,0.8206348367084368,0.6958276047582043,4872,128,100,14,51,0.6314432989690721,0.5037037037037037
OBSERVER_1,Standard U-Net,41,08,0.9764011065238204,0.952834209404745,0.7402776306029458,0.9833906274595429,0.8649964918073383,0.7977921583555386,0.6636058514343613,4897,106,85,20,39,0.659156976744186,0.7467811158798283
OBSERVER_1,Standard U-Net,41,09,0.976842882873412,0.9585785820961082,0.7700074794315632,0.983675094565001,0.8625890238793464,0.8136731871171705,0.6858760826115923,4352,35,94,21,55,0.6293045239702904,0.9904761904761905
OBSERVER_1,Standard U-Net,41,10,0.9775067791447921,0.955716749071842,0.8005671773718327,0.9767609151763413,0.8237144264655728,0.8119758689602361,0.6834674883662433,4044,160,122,33,60,0.6449119793902963,0.6849056603773584
OBSERVER_1,Standard U-Net,41,11,0.9745572668695469,0.9511663023343605,0.828056750076186,0.96950287722979,0.8017507048718117,0.8146914299991671,0.6873243395165823,3951,332,154,25,60,0.7106382978723405,0.7938388625592417
OBSERVER_1,Standard U-Net,41,12,0.9839483378393054,0.9583576810702753,0.8327834327834328,0.9763252391833865,0.8342475386779185,0.8335148427893905,0.7145524635586074,3128,127,131,16,25,0.7861386138613862,0.6227544910179641
OBSERVER_1,Standard U-Net,41,13,0.976873387080099,0.9510373626373626,0.7946483938980529,0.9768704416946652,0.8501907447337868,0.821481802009712,0.6970463446475196,4463,89,109,21,49,0.6722993361496681,0.6178010471204188
OBSERVER_1,Standard U-Net,41,14,0.9840073905100362,0.9582030869499766,0.8579099545642297,0.9716097036988701,0.8015647475704312,0.8287807886240796,0.7076222628302413,2390,427,137,10,15,0.8665794637017659,0.9342723004694836
OBSERVER_1,Standard U-Net,41,15,0.9824635105557932,0.9594184543127787,0.8618075554802642,0.9707285236183765,0.7733145853918066,0.8151664463405841,0.6880008114413226,2348,823,110,12,18,0.8412356321839081,0.898989898989899
OBSERVER_1,Standard U-Net,41,16,0.9862944184741264,0.9600033378130298,0.8459266221342016,0.9771756870790236,0.848004576351033,0.8469643247239913,0.73455170805643,4024,386,116,10,8,0.8873106060606061,0.8307692307692308
OBSERVER_1,Standard U-Net,41,17,0.9825354061079264,0.9579031715393742,0.8067932928799684,0.9791549893199618,0.8448003609293931,0.8253595107348161,0.7026486131523813,4557,177,94,9,12,0.8450226244343891,1.0
OBSERVER_1,Standard U-Net,41,18,0.9864405818209884,0.9584292568054409,0.884562423500612,0.9680147715766275,0.7820764288129861,0.8301683598377427,0.7096477230882533,2704,258,111,8,5,0.9395555555555556,0.9578947368421052
OBSERVER_1,Standard U-Net,41,19,0.9900108159195409,0.9668408183369395,0.9208901231410093,0.9731278215787342,0.8242142787062171,0.8698743614524368,0.7697147394783459,1936,356,106,10,10,0.8682926829268293,0.9587628865979382
OBSERVER_1,Standard U-Net,41,20,0.9871887604872924,0.960676503034858,0.8751236399604352,0.9708893579128107,0.7820706419653052,0.8259846348341924,0.7035552168582884,2676,584,124,5,8,0.9116465863453815,0.8418604651162791
OBSERVER_1,Standard U-Net,42,01,0.9855032505930295,0.9506232813523667,0.9058547531619747,0.9573769650962993,0.7622521671959488,0.8278722908412958,0.7062987116271672,2310,138,145,8,15,0.8642131979695431,0.8008849557522124
OBSERVER_1,Standard U-Net,42,02,0.9873570337496003,0.9569410938881411,0.8847374195652818,0.9696651407788299,0.8371257821048792,0.8602733406377948,0.7548067192875936,2528,237,109,10,26,0.7775229357798165,1.0
OBSERVER_1,Standard U-Net,42,03,0.9778985447569571,0.9496116990878362,0.7696588213829593,0.9802998325044985,0.869495018893851,0.8165365507452094,0.6899550224887556,4509,79,76,19,44,0.6047244094488189,0.7196652719665272
OBSERVER_1,Standard U-Net,42,04,0.9749367323728533,0.9568805283486468,0.8310648254951719,0.9762363487025564,0.843265115034778,0.8371205205238436,0.7198686839851556,3762,174,105,16,67,0.5794447725930302,0.46564885496183206
OBSERVER_1,Standard U-Net,42,05,0.9725026948986448,0.953718383964373,0.7754870865428183,0.9817017708783251,0.8693491038386184,0.8197399931577147,0.6945418707788632,5484,55,87,15,65,0.5637860082304527,0.5748502994011976
OBSERVER_1,Standard U-Net,42,06,0.9735573095293183,0.9513316542050734,0.7553963557078337,0.9835255944399521,0.8828218848968002,0.8141533503424198,0.6865587136224663,5840,84,83,20,83,0.5051924251679902,0.6144578313253012
OBSERVER_1,Standard U-Net,42,07,0.9753951964415787,0.9545756011859009,0.7759089702760085,0.9818408249844328,0.8670299525504152,0.8189425770308123,0.6933977646675166,5165,86,83,17,65,0.5373711340206185,0.43333333333333335
OBSERVER_1,Standard U-Net,42,08,0.9765051329297231,0.9548142491831226,0.7580798982727561,0.9830961170323504,0.8657173974426203,0.8083311363037173,0.6783185840707965,4993,41,80,16,48,0.590843023255814,0.5622317596566524
OBSERVER_1,Standard U-Net,42,09,0.9769685599011935,0.9597733462180444,0.7886312640239341,0.982550268763687,0.8574449052614459,0.8215997194841625,0.6972161608146532,4267,41,93,21,56,0.6178257933828494,0.9904761904761905
OBSERVER_1,Standard U-Net,42,10,0.977131946985044,0.9561258423803072,0.8191661756040071,0.9747027675092417,0.8145462535706438,0.8168496823239928,0.6904022845790911,3967,93,113,33,69,0.5753542292829541,0.5226415094339623
OBSERVER_1,Standard U-Net,42,11,0.9758008691516301,0.950323509529704,0.8393999932279146,0.9668450330591434,0.790396633082515,0.8141616171568385,0.6865704710997867,3909,241,146,25,68,0.6736170212765957,0.7725118483412322
OBSERVER_1,Standard U-Net,42,12,0.9848259394609494,0.9597987741921311,0.8595647595647595,0.9741405720312383,0.8262703286321614,0.842588769611891,0.7279942923392491,2983,100,128,13,31,0.7742574257425743,0.6347305389221557
OBSERVER_1,Standard U-Net,42,13,0.9782465014725317,0.9528351648351648,0.8157013518541486,0.975487585020077,0.8460796295105165,0.8306128248034603,0.7102975322641611,4428,117,105,22,52,0.6451418225709112,0.5130890052356021
OBSERVER_1,Standard U-Net,42,14,0.9849180774341474,0.9588318117013646,0.8699635762832789,0.9707112130627488,0.7988139158018136,0.8328719847575223,0.7136080823014846,2453,393,126,20,16,0.8351863963374755,0.9014084507042254
OBSERVER_1,Standard U-Net,42,15,0.9843106076153137,0.9602012366201395,0.868753176351008,0.9707972244849888,0.7751284764207981,0.8192747024522725,0.693874099380983,2439,490,104,11,25,0.8017241379310345,0.8619528619528619
OBSERVER_1,Standard U-Net,42,16,0.9855603558953233,0.9575746396479485,0.855862508811386,0.972885706634058,0.8261348540323364,0.8407359778415273,0.725232528372728,3941,484,112,11,11,0.8664772727272727,0.7692307692307693
OBSERVER_1,Standard U-Net,42,17,0.9819647496276213,0.9563404225177524,0.808480844493914,0.9771351239439892,0.8325753374006286,0.820351209559895,0.6954198709039809,4720,165,90,9,16,0.8246606334841629,1.0
OBSERVER_1,Standard U-Net,42,18,0.985412893926359,0.9554944379030983,0.8884256425948592,0.9641977882343598,0.763042049934297,0.8209741269616853,0.696315615912702,2741,305,110,7,7,0.9128888888888889,0.9157894736842105
OBSERVER_1,Standard U-Net,42,19,0.9899033519593499,0.9608730451914789,0.928417437059232,0.9653136420675829,0.785506708712051,0.8510039689849781,0.7406500510129719,1847,344,108,14,4,0.8926829268292683,0.979381443298969
OBSERVER_1,Standard U-Net,42,20,0.9871358632773645,0.9575031974789362,0.894205407187603,0.9650593577652158,0.7533942150769124,0.8177826357348812,0.6917362749473953,2373,669,126,5,6,0.9309236947791165,0.8790697674418605
OBSERVER_1,Standard U-Net,43,01,0.9862303239598856,0.9536004135896282,0.8998368013055895,0.9617110763470367,0.77999469511656,0.8356408758663152,0.7176831087127478,2406,104,144,9,15,0.8794416243654822,0.8672566371681416
OBSERVER_1,Standard U-Net,43,02,0.986979814685831,0.957105474771977,0.8730243454022477,0.9719226186743588,0.8456655368529902,0.8591271867750266,0.7530437896459996,2670,181,107,13,25,0.7828746177370031,1.0
OBSERVER_1,Standard U-Net,43,03,0.9773626276599335,0.9484465748448347,0.7630298607310102,0.980066479638666,0.8671596917441338,0.8117690827038481,0.6831745167438061,4507,101,79,13,47,0.6,0.6694560669456067
OBSERVER_1,Standard U-Net,43,04,0.9759610921466182,0.9576978341396538,0.8221336057739841,0.9785533934311529,0.8550178228681108,0.8382533308691342,0.7215457148642004,3723,45,111,15,62,0.6077968103957472,0.5419847328244275
OBSERVER_1,Standard U-Net,43,05,0.972848735210501,0.9533626418027783,0.7715386109133278,0.9819101095048146,0.8700682506660827,0.8178465444190953,0.6918277323117998,5336,57,90,14,63,0.5864197530864198,0.6766467065868264
OBSERVER_1,Standard U-Net,43,06,0.9726741723279432,0.9500481320797014,0.7454913564865285,0.9836586589148081,0.8822943930401445,0.8081442463533225,0.6780554139044705,5879,102,81,22,83,0.5094685400122174,0.6224899598393574
OBSERVER_1,Standard U-Net,43,07,0.9769423561064097,0.9561480180081257,0.7775013269639066,0.9834101989054882,0.8773302388260837,0.8244046572162229,0.7012656712845217,5004,36,89,18,58,0.5618556701030928,0.3592592592592593
OBSERVER_1,Standard U-Net,43,08,0.9757015189337824,0.9538597457025145,0.7544064144678747,0.9825324850078959,0.8612791354141464,0.8043081210340997,0.6726717268747441,4828,104,82,17,45,0.6322674418604651,0.7381974248927039
OBSERVER_1,Standard U-Net,43,09,0.9768374897684563,0.9590837213388386,0.7694839192221391,0.9843171411507068,0.8671977072533401,0.8154239403966949,0.6883677361078585,4501,25,86,22,62,0.5941931127616475,0.9904761904761905
OBSERVER_1,Standard U-Net,43,10,0.9779258313216397,0.9563193919025919,0.818429581614614,0.9750224797682087,0.8163250312247446,0.8173759517416412,0.6911545160487683,3844,119,125,26,64,0.6290253327608416,0.6037735849056604
OBSERVER_1,Standard U-Net,43,11,0.9760223430307988,0.950938045949766,0.8352013002404091,0.9681764768182529,0.7962939049586777,0.8152836768084086,0.6881678430934911,3981,285,150,21,68,0.6753191489361702,0.7701421800947867
OBSERVER_1,Standard U-Net,43,12,0.9846016859069617,0.9590914083609763,0.8431730431730432,0.9756773723727494,0.8322189502858133,0.8376601865574056,0.7206672066720667,3140,105,126,16,30,0.7656765676567657,0.6107784431137725
OBSERVER_1,Standard U-Net,43,13,0.9774274022097036,0.9531032967032967,0.8031129852412253,0.9778794148979759,0.8570861321597565,0.8292222240007683,0.7082661124935058,4535,79,108,21,50,0.6698853349426674,0.5968586387434555
OBSERVER_1,Standard U-Net,43,14,0.9843581475159001,0.9582163698672593,0.8698509256130074,0.970028560959327,0.7950645249862712,0.8307780587085553,0.7105392307220416,2360,357,132,14,16,0.8613472858077175,0.92018779342723
OBSERVER_1,Standard U-Net,43,15,0.9844870280897761,0.9590534490795711,0.8811621209554464,0.9680786330490426,0.7618175826590019,0.8171553129234335,0.6908390609954511,2154,584,111,12,17,0.8419540229885057,0.898989898989899
OBSERVER_1,Standard U-Net,43,16,0.9853441100066113,0.9584354440608888,0.8442146957134705,0.9756294750458558,0.8390885129950288,0.8416437989425072,0.7265846189403131,4163,299,115,7,12,0.8674242424242424,0.7384615384615385
OBSERVER_1,Standard U-Net,43,17,0.9820638526495277,0.9567432841635529,0.7992172632939571,0.9788974564845253,0.8419320674786293,0.8200187883364954,0.6949422416484545,4861,122,87,10,18,0.8065610859728507,1.0
OBSERVER_1,Standard U-Net,43,18,0.9858286289596723,0.956926699822505,0.8841034271725826,0.9663767943296205,0.7733538543897216,0.825028555111365,0.7021690260647669,2770,170,111,6,7,0.9235555555555556,0.9315789473684211
OBSERVER_1,Standard U-Net,43,19,0.9903051460153559,0.9627157105915879,0.9326561186830855,0.966828483009284,0.7936813955657825,0.8575748412458422,0.7506617257808365,1718,393,110,9,7,0.9063414634146342,0.9587628865979382
OBSERVER_1,Standard U-Net,43,20,0.9863204928800916,0.9571955362754535,0.8854269699967029,0.9657628936480057,0.7553352318672433,0.8152237843170737,0.6880825032828364,2534,706,125,9,3,0.944578313253012,0.9395348837209302
OBSERVER_1,DPD-2,41,01,0.98680540791357,0.9519781439274079,0.9140486876104991,0.9577001000179519,0.7652500640459993,0.8330570317462777,0.7138798162457846,2075,148,147,9,12,0.8978426395939086,0.8805309734513275
OBSERVER_1,DPD-2,41,02,0.9867048860822379,0.9556482604504036,0.8839367790528719,0.9682855709537844,0.8308434137911812,0.856568152756426,0.7491204262163249,2448,282,114,9,22,0.8119266055045872,1.0
OBSERVER_1,DPD-2,41,03,0.9758110464994559,0.9467985664098668,0.7637596545642522,0.9780129744193403,0.8555710733385564,0.807062641582186,0.676533965415073,4302,248,79,17,43,0.637007874015748,0.7615062761506276
OBSERVER_1,DPD-2,41,04,0.9753441049574563,0.9563752048757124,0.8344923046501664,0.9751259924759422,0.8376947761934694,0.83609047383193,0.7183466197622628,3517,152,113,16,59,0.6284701712935618,0.5763358778625954
OBSERVER_1,DPD-2,41,05,0.9724326241871548,0.9533626418027783,0.7852288173991844,0.9797606646510328,0.8589838909541512,0.8204521245117765,0.6955649207304836,5064,75,95,14,58,0.6069958847736625,0.7544910179640718
OBSERVER_1,DPD-2,41,06,0.9726316343541583,0.9502635176418358,0.7564553807818097,0.9821079459962947,0.8741631272046649,0.8110608312321539,0.6821718491053622,5719,111,81,24,81,0.5088576664630422,0.5622489959839357
OBSERVER_1,DPD-2,41,07,0.9773667968289876,0.9562139013945317,0.7934912420382165,0.981046013030866,0.8646567617395077,0.8275468368882661,0.7058250708215298,4639,186,95,21,49,0.604381443298969,0.40370370370370373
OBSERVER_1,DPD-2,41,08,0.9765505349122098,0.9540550859497088,0.7687118081311151,0.9806994114869222,0.8513143483023001,0.807907192575406,0.6777217239661186,4558,120,88,15,41,0.6504360465116279,0.6909871244635193
OBSERVER_1,DPD-2,41,09,0.9770232908426771,0.9592769920056224,0.8012341062079282,0.9803105713716902,0.8441353768567038,0.8221254388826001,0.697973677352098,3911,60,93,18,59,0.6178257933828494,0.9809523809523809
OBSERVER_1,DPD-2,41,10,0.9782662721074604,0.9560378653247233,0.8251694166175604,0.9737885902687581,0.8102488065962679,0.8176410480986789,0.6915336893113985,3755,161,122,30,63,0.6311721768999571,0.6245283018867924
OBSERVER_1,DPD-2,41,11,0.9762507597311813,0.9512716514349425,0.8415332001489859,0.9676166652377182,0.7946856813966874,0.8174387817192099,0.6912443678033042,3808,264,143,34,62,0.6825531914893617,0.7725118483412322
OBSERVER_1,DPD-2,41,12,0.9845468602038926,0.9583357131873201,0.8546507546507547,0.9731712829269518,0.8200801589707318,0.8370086454340764,0.7197032395365335,2913,152,132,19,21,0.8,0.6467065868263473
OBSERVER_1,DPD-2,41,13,0.9781163662530951,0.9525054945054945,0.8243519781718963,0.9736745062689502,0.8379928767295994,0.8311164600884665,0.7110344458707745,3982,141,116,20,43,0.7127338563669282,0.6544502617801047
OBSERVER_1,DPD-2,41,14,0.9842130080605163,0.9580569748598652,0.8729300439337614,0.9694362598695934,0.7924393236978456,0.8307395429449497,0.7104828850855746,2322,377,136,12,14,0.8705035971223022,0.8967136150234741
OBSERVER_1,DPD-2,41,15,0.9852524243225023,0.9612039015981072,0.8746823648992038,0.9712290585036951,0.778888218434153,0.8240105330354293,0.7006955046649703,2242,242,112,8,20,0.8441091954022989,0.8922558922558923
OBSERVER_1,DPD-2,41,16,0.9849396088339705,0.9569729549307404,0.859420630391729,0.9716578323724249,0.8202934768678714,0.8394013409176598,0.7232485875706215,3762,501,114,10,10,0.875,0.7538461538461538
OBSERVER_1,DPD-2,41,17,0.9817989875490256,0.9561943298330117,0.817744425693871,0.975665671882969,0.8253605856345583,0.8215348543601767,0.697122742577288,4435,248,93,14,8,0.8540723981900452,1.0
OBSERVER_1,DPD-2,41,18,0.9852383584811838,0.9540973235154562,0.8916768665850673,0.9621974705660452,0.7537506466632178,0.816932996916176,0.690521327014218,2583,377,110,7,7,0.9288888888888889,0.9578947368421052
OBSERVER_1,DPD-2,41,19,0.990036886646506,0.961202877900329,0.9344465962655754,0.9648636893126221,0.7844237906812674,0.8528882070437567,0.7435092309928769,1659,521,106,12,8,0.8868292682926829,1.0
OBSERVER_1,DPD-2,41,20,0.9865218472783552,0.955529770616597,0.8993158588855918,0.9622402944027079,0.739795226471386,0.8117931547619047,0.6832086164250603,2191,751,129,3,5,0.944578313253012,0.9209302325581395
OBSERVER_1,DPD-2,42,01,0.98561199932425,0.9488494810074116,0.9165646674826602,0.9537198984433103,0.7492287596231344,0.8244919180952089,0.7013919604527123,2016,201,148,7,13,0.8934010152284264,0.8628318584070797
OBSERVER_1,DPD-2,42,02,0.9866403931711089,0.9551595605254857,0.8940189188387747,0.9659340314792751,0.822215555797971,0.8566151922831043,0.7491923860643109,2314,336,112,8,25,0.8103975535168195,1.0
OBSERVER_1,DPD-2,42,03,0.976934873046654,0.9493724720569537,0.7794806300553427,0.9783448540507464,0.8599127809459913,0.8177236187316576,0.6916518266688252,4297,137,84,13,42,0.6543307086614173,0.8451882845188284
OBSERVER_1,DPD-2,42,04,0.9735526022949663,0.9568409812942432,0.8363049138186732,0.97538456858351,0.8394032615527108,0.8378512232971241,0.7209500539803398,3646,75,114,12,62,0.61193148257531,0.5038167938931297
OBSERVER_1,DPD-2,42,05,0.9722986506050547,0.953718383964373,0.7893067512460353,0.9795320003048857,0.8582488738738738,0.8223353677040833,0.6982763557235298,5151,42,95,13,59,0.6145404663923183,0.8203592814371258
OBSERVER_1,DPD-2,42,06,0.972091002557311,0.9512129723647137,0.7695063074287494,0.9810690195195348,0.8697718631178707,0.816572741245104,0.6900067031616579,5501,121,89,22,75,0.5455100794135614,0.642570281124498
OBSERVER_1,DPD-2,42,07,0.9762813168950202,0.9546283078950258,0.7895435244161358,0.9798208888731389,0.8565464622471748,0.82168133954773,0.6973337239964841,4823,176,90,20,55,0.5902061855670103,0.5148148148148148
OBSERVER_1,DPD-2,42,08,0.9759958337725531,0.954392491831226,0.7686411642117905,0.9810954772338362,0.8539083346413436,0.8090342968677386,0.6793094836735968,4749,84,85,16,43,0.6388081395348837,0.6652360515021459
OBSERVER_1,DPD-2,42,09,0.9761451326329699,0.9588728806114382,0.8057965594614809,0.9792454708341628,0.8378504491192597,0.8215109518272109,0.6970883209317373,3939,79,98,19,53,0.6441593517893315,1.0
OBSERVER_1,DPD-2,42,10,0.9771486343272198,0.9553736385550649,0.8326826753093695,0.9720151863323009,0.801424976073163,0.8167548723876957,0.6902668376381511,3654,115,129,26,60,0.6509231429798197,0.6471698113207547
OBSERVER_1,DPD-2,42,11,0.9758982736578908,0.94909443668958,0.8523008160362984,0.9635113803137971,0.7767388755168796,0.812767400184052,0.6845898607484769,3551,295,159,22,58,0.7306382978723405,0.8222748815165877
OBSERVER_1,DPD-2,42,12,0.9848396303520227,0.9587794644230135,0.8691470691470692,0.971604349245411,0.8141109942135718,0.8407292975248701,0.7252225866916588,2764,181,132,14,26,0.7907590759075908,0.6766467065868264
OBSERVER_1,DPD-2,42,13,0.9786020038965966,0.9520703296703297,0.828723800074414,0.972445300335983,0.8324405132677214,0.8305779987569919,0.7102465986394558,4115,147,109,23,47,0.687990343995172,0.643979057591623
OBSERVER_1,DPD-2,42,14,0.9845192041095804,0.9573175591311202,0.8825429011302617,0.9673130110479212,0.7830418124271198,0.8298202873989338,0.7091391847448933,2205,445,133,16,13,0.8659254414650098,0.9342723004694836
OBSERVER_1,DPD-2,42,15,0.9844893602174312,0.9601176812053088,0.8764611214636625,0.9698108763286257,0.7708496293813089,0.8202699221149844,0.6953030506652331,2299,318,107,7,26,0.8096264367816092,0.8855218855218855
OBSERVER_1,DPD-2,42,16,0.98533184010599,0.9563273516210352,0.8679131281259441,0.9696366401722055,0.8114231915895183,0.8387180485273128,0.7222346368715084,3634,646,115,8,11,0.8863636363636364,0.8769230769230769
OBSERVER_1,DPD-2,42,17,0.982516577432155,0.955884436259319,0.8273670604287099,0.9739588856402721,0.8171276595744681,0.8222154823285936,0.698103490063015,4261,239,93,10,12,0.8653846153846154,1.0
OBSERVER_1,DPD-2,42,18,0.9856476603749592,0.9542291267595733,0.8992503059975521,0.9613635912402962,0.7512622227903113,0.8186218183084369,0.6929379863239802,2481,353,113,4,7,0.9422222222222222,0.9736842105263158
OBSERVER_1,DPD-2,42,19,0.99029390126117,0.9587269336992278,0.9352504841597544,0.9619389964053774,0.7707480125271019,0.8450680973999175,0.7317038307604345,1675,423,113,7,6,0.911219512195122,1.0
OBSERVER_1,DPD-2,42,20,0.9874117083911269,0.9562725526650053,0.9066106165512694,0.9622009357519224,0.7411475354603956,0.8155714153304291,0.6885779572416816,2088,813,129,7,1,0.9518072289156626,0.9023255813953488
OBSERVER_1,DPD-2,43,01,0.9861513022547167,0.9532839818697995,0.9020807833537332,0.9610083861205857,0.7772895060643347,0.8350486261920499,0.7168098557302642,2387,85,141,13,14,0.8705583756345178,0.827433628318584
OBSERVER_1,DPD-2,43,02,0.9870887757711525,0.9570877038656164,0.8767013610888711,0.9712537363349428,0.8431243939998859,0.8595851080841413,0.7537477054864369,2624,173,108,10,27,0.7782874617737003,1.0
OBSERVER_1,DPD-2,43,03,0.9771302469991557,0.9485794787508804,0.7656753633765128,0.979770899341945,0.8658574326880093,0.8126906256555909,0.684480930763585,4395,96,79,13,47,0.6165354330708661,0.7447698744769874
OBSERVER_1,DPD-2,43,04,0.9763969147483643,0.957684651788186,0.8245394324885476,0.9781680643296795,0.8531628303495311,0.8386069585037206,0.7220699010072441,3712,61,106,22,60,0.6077968103957472,0.5381679389312977
OBSERVER_1,DPD-2,43,05,0.9734760382103598,0.9535251413086919,0.7760696485209398,0.9813867222236338,0.8674842630779249,0.819234711308507,0.6938167298399931,5285,42,91,14,62,0.5843621399176955,0.6946107784431138
OBSERVER_1,DPD-2,43,06,0.9730755680841061,0.9503734082347615,0.7503192649120075,0.9832441118969876,0.8803493768958082,0.8101499966368467,0.680884140309223,5832,97,81,23,82,0.5167990226023214,0.6385542168674698
OBSERVER_1,DPD-2,43,07,0.9771327381535674,0.9563324914900626,0.7815817409766455,0.983000136687406,0.8752507615721822,0.8257684623742596,0.7032415975165662,4950,26,91,20,54,0.5837628865979382,0.4148148148148148
OBSERVER_1,DPD-2,43,08,0.976179988566864,0.9544058104844438,0.7612941966020275,0.9821668858568984,0.8598843008178735,0.8075914268585132,0.6772774408446721,4749,90,84,16,44,0.6373546511627907,0.7296137339055794
OBSERVER_1,DPD-2,43,09,0.9769284082115314,0.9596547483088816,0.774682124158564,0.9842723472028668,0.8676439790575916,0.8185320557147091,0.692809364548495,4456,25,88,17,65,0.5860904794058069,1.0
OBSERVER_1,DPD-2,43,10,0.9782621143696071,0.9566932943888234,0.8253903948143784,0.9745029473473874,0.8145011811739051,0.8199096346973495,0.6947854662698413,3736,105,124,27,64,0.6384714469729498,0.6339622641509434
OBSERVER_1,DPD-2,43,11,0.976020232997866,0.9511619127885029,0.8417025022855789,0.9674653648105467,0.7939570091666933,0.8171329016140166,0.6908070253445976,3860,241,151,24,64,0.691063829787234,0.7701421800947867
OBSERVER_1,DPD-2,43,12,0.9845620335234377,0.9591485248566596,0.8499122499122499,0.9747783943951988,0.8282254754412368,0.838928732287011,0.7225471472905228,3042,106,129,11,32,0.7775577557755775,0.6526946107784432
OBSERVER_1,DPD-2,43,13,0.9774404252677247,0.9536,0.8093451568894953,0.9774287060558879,0.8555555555555555,0.8318090564354227,0.7120488829482529,4443,67,108,22,49,0.6783343391671696,0.5968586387434555
OBSERVER_1,DPD-2,43,14,0.984624826517522,0.9581233894462795,0.8722165896887086,0.9696069228954488,0.7932247379025373,0.8308473727510105,0.7106406412531359,2334,343,130,15,17,0.8633093525179856,0.9295774647887324
OBSERVER_1,DPD-2,43,15,0.9853060251223645,0.9601000905916602,0.8863289852617313,0.9686478688009736,0.7661163378116191,0.8218500265074908,0.6975767474417519,2068,281,106,16,18,0.8362068965517241,0.898989898989899
OBSERVER_1,DPD-2,43,16,0.9855213412071714,0.9585232812458826,0.8464972642744453,0.9753869319818295,0.838113596330885,0.8422845691382765,0.7275402458023196,4146,271,112,10,12,0.8645833333333334,0.8307692307692308
OBSERVER_1,DPD-2,43,17,0.9828182645892566,0.9568805227461883,0.8039926753078884,0.9783823908136523,0.8395006186030818,0.8213630694739931,0.6968753890202913,4770,129,87,9,19,0.8009049773755657,1.0
OBSERVER_1,DPD-2,43,18,0.9860598334449133,0.9568388309930935,0.887125152998776,0.9658854011555185,0.7714029135901018,0.825226827966554,0.702456310385559,2725,180,111,6,7,0.928,0.9368421052631579
OBSERVER_1,DPD-2,43,19,0.990184978123612,0.9624826288106673,0.9346658384185332,0.9662885397033312,0.791380483880948,0.8570758431201729,0.7498973907944885,1668,347,112,6,8,0.8995121951219512,0.9587628865979382
OBSERVER_1,DPD-2,43,20,0.9867949274201353,0.9570548911538613,0.8911144081767227,0.9649265223188149,0.7520434071858371,0.8156936716023767,0.6887522696142452,2430,674,125,10,2,0.9437751004016064,0.9348837209302325
OBSERVER_2,Standard U-Net,41,01,0.9880261384449064,0.9575714088342389,0.9112844513780551,0.9643996890534542,0.7906277258098475,0.8466791213038717,0.7341227727196559,2036,146,155,24,20,0.8074211502782931,0.7790294627383015
OBSERVER_2,Standard U-Net,41,02,0.9911146406700132,0.9642360509491885,0.892944185346773,0.9765861184663178,0.8685358073107202,0.8805708860008308,0.7866249635539534,2335,226,118,16,15,0.8267355134825014,0.8548387096774194
OBSERVER_2,Standard U-Net,41,03,0.9851046252543346,0.9596370837338909,0.8290813719813345,0.9791564817078139,0.8560526130688613,0.8423511497932276,0.7276396030132728,3243,194,107,14,17,0.7853503184713376,0.7303571428571428
OBSERVER_2,Standard U-Net,41,04,0.9827528435110888,0.9649217627440383,0.8462656104057841,0.982186540494287,0.8736161702735519,0.8597234180885273,0.7539604265548911,3423,13,83,14,33,0.6513761467889908,0.5327102803738317
OBSERVER_2,Standard U-Net,41,05,0.9900315226633466,0.9685014471239783,0.8586182468960889,0.9831733641323828,0.8720133287894278,0.8652639489009957,0.7625244197212013,2710,69,117,21,34,0.7133015368309485,0.6587591240875912
OBSERVER_2,Standard U-Net,41,06,0.973271579591392,0.9598679554635405,0.7829114335914622,0.9875079409447819,0.907315233785822,0.8405351591155203,0.7249337189684262,5590,33,109,16,51,0.654074074074074,1.0
OBSERVER_2,Standard U-Net,41,07,0.9867758058149093,0.9630130668716372,0.8845535336436733,0.9720992918228822,0.7859372062417748,0.8323344947735192,0.7128192886130341,2144,543,104,24,16,0.7758198727361723,0.7173076923076923
OBSERVER_2,Standard U-Net,41,08,0.9854300216531803,0.9617443884074443,0.8552056789224609,0.973262426699201,0.7756820339262867,0.8135050319229521,0.6856371529677866,2278,194,112,18,24,0.7517204870301747,0.7563131313131313
OBSERVER_2,Standard U-Net,41,09,0.9720185294001039,0.9625054906439428,0.7876491333383357,0.9856919693939484,0.879514034352744,0.8310505898187001,0.7109380291229258,4827,1,97,17,67,0.5295989815404201,0.09941520467836257
OBSERVER_2,Standard U-Net,41,10,0.9882810040125187,0.9652666584554748,0.890625660090406,0.9739419918393801,0.7988934783432491,0.8422692768677587,0.7275174270135966,2028,324,125,15,19,0.8081671415004749,0.8093264248704664
OBSERVER_2,Standard U-Net,41,11,0.9880745969475809,0.9624079292756371,0.8995992714025501,0.9710127567826555,0.8095862566389089,0.8522225289895086,0.7424980455830176,2265,209,167,24,31,0.782724505327245,0.730195177956372
OBSERVER_2,Standard U-Net,41,12,0.9869684295895967,0.9634059005733617,0.8794385117542735,0.9744709205187366,0.8194796061884669,0.8484010119946852,0.7367156630314525,2307,162,173,19,32,0.7851351351351351,0.7053824362606232
OBSERVER_2,Standard U-Net,41,13,0.9840836054725719,0.9584307692307692,0.8097933513027853,0.9839987635876565,0.896964670758003,0.8511529078460691,0.7408757124068391,5255,191,100,6,12,0.8695198329853863,1.0
OBSERVER_2,Standard U-Net,41,14,0.9900247132209873,0.962165823939359,0.9048932889718413,0.9691811458788915,0.782443953268077,0.8392255733880224,0.7229876487178656,1604,450,150,14,10,0.8717660292463442,0.6966966966966966
OBSERVER_2,Standard U-Net,41,15,0.9822294815907275,0.9614061936550656,0.8562317192070198,0.9741737269329019,0.8009804666717337,0.8276850579226389,0.7060261950222758,2902,892,110,3,7,0.9237995824634656,1.0
OBSERVER_2,Standard U-Net,41,16,0.9877535786384282,0.9631874357690585,0.879833368938261,0.9749158350366719,0.8315162527760953,0.8549927340668466,0.7467138065451908,2484,65,169,29,34,0.7875544986127626,0.7719298245614035
OBSERVER_2,Standard U-Net,41,17,0.9876167920474722,0.9635343804784757,0.8763888319462096,0.9740834669194464,0.8036694488307392,0.8384553531153778,0.7218451355823456,2209,103,121,27,32,0.7130479102956168,0.5966029723991507
OBSERVER_2,Standard U-Net,41,18,0.9871476964928966,0.9664297137233537,0.8616140628607236,0.9825384837625639,0.8834967872844098,0.8724182264447079,0.7737072795119351,2781,61,92,15,37,0.6897506925207756,0.5619047619047619
OBSERVER_2,Standard U-Net,41,19,0.9863117410944798,0.9650949038647598,0.8457121915465429,0.9851780686792297,0.9056480361055695,0.8746545379889769,0.7772320300878498,3719,34,124,30,43,0.6518518518518519,0.47333333333333333
OBSERVER_2,Standard U-Net,41,20,0.977144380847688,0.9571559798350057,0.7847815414825724,0.9838958612566508,0.8831718905381017,0.8310747582573735,0.7109734040976072,5077,6,125,30,62,0.5950155763239875,0.40310077519379844
OBSERVER_2,Standard U-Net,42,01,0.9874766275828566,0.9530700562000561,0.9233489339573583,0.9574545342961766,0.7619946785683632,0.8349478040063952,0.716661285114627,1943,145,151,27,21,0.7910946196660482,0.7512998266897747
OBSERVER_2,Standard U-Net,42,02,0.9910646598132297,0.962201282170894,0.9081991876034301,0.9715561995705022,0.8468898179063438,0.876473662814333,0.7801095833764086,2315,221,115,23,11,0.8152610441767069,0.8315412186379928
OBSERVER_2,Standard U-Net,42,03,0.9860352060970394,0.9585738524855245,0.836506693007255,0.9768241261305304,0.8436619718309859,0.8400690964442696,0.7242406369802418,3457,149,93,22,23,0.6853503184713375,0.5428571428571428
OBSERVER_2,Standard U-Net,42,04,0.9827229722968566,0.9627159159317505,0.8704811983256651,0.9761363064378115,0.8414593365436062,0.8557242692693544,0.7478304802662863,3306,119,81,13,36,0.636697247706422,0.5420560747663551
OBSERVER_2,Standard U-Net,42,05,0.9901638811532028,0.9676186795377987,0.8763655344692591,0.979803058664224,0.8528045860242363,0.8644245444348417,0.7612215817086598,2693,43,112,25,35,0.699523052464229,0.6058394160583942
OBSERVER_2,Standard U-Net,42,06,0.9726471302755267,0.9592217987771375,0.7959914101646385,0.9847178105862323,0.890539113974737,0.8406150674340692,0.7250526066210249,5596,10,106,14,56,0.6251851851851852,1.0
OBSERVER_2,Standard U-Net,42,07,0.986431927283804,0.9616997913692764,0.8862886161658908,0.9704329927221936,0.7763567615658363,0.827688416393313,0.7060310824933419,2369,417,89,33,22,0.6769456681350955,0.5951923076923077
OBSERVER_2,Standard U-Net,42,08,0.9811482623305295,0.9606433797414405,0.862349836184929,0.9712700224329962,0.764430640151668,0.8104432612739753,0.6812985332182916,2417,108,102,28,24,0.6919004764425623,0.5984848484848485
OBSERVER_2,Standard U-Net,42,09,0.9729839344429776,0.9616884828252658,0.7977414271779095,0.9834283553724764,0.8645604619012768,0.8298079925070246,0.7091212272803068,4913,17,99,16,66,0.5066836409929981,0.05263157894736842
OBSERVER_2,Standard U-Net,42,10,0.9878679685388244,0.963467527668784,0.9013560897300494,0.970686582114396,0.7813667325862448,0.8370833905486789,0.7198137714652002,2031,205,115,20,24,0.7435897435897436,0.7015544041450777
OBSERVER_2,Standard U-Net,42,11,0.9878516094333086,0.9596425153853583,0.9038251366120219,0.9672895330498493,0.7910343068486162,0.8436766756214507,0.7296200447006235,2384,199,150,35,37,0.7340182648401826,0.6819747416762342
OBSERVER_2,Standard U-Net,42,12,0.9875420991848929,0.9630983502119901,0.9007207275197162,0.9713183228578248,0.805384978743505,0.8503892124904255,0.7397192351792742,2211,49,174,18,32,0.7788288288288289,0.6912181303116147
OBSERVER_2,Standard U-Net,42,13,0.9837966269253042,0.958778021978022,0.8251871817909554,0.9817577662150327,0.8861195085868656,0.854568575150425,0.7460669897917739,5208,154,99,7,12,0.8747390396659708,1.0
OBSERVER_2,Standard U-Net,42,14,0.9899524071112953,0.9607755452637544,0.9086667207660473,0.9671583634845533,0.7721615005344274,0.8348711066375888,0.716548281819927,1794,449,140,22,12,0.8250843644544432,0.6096096096096096
OBSERVER_2,Standard U-Net,42,15,0.983939962028657,0.9619251167576981,0.8616753331166721,0.9740948229097831,0.8015039298669892,0.8305011746280344,0.710134252904349,2959,564,109,0,11,0.9123173277661796,1.0
OBSERVER_2,Standard U-Net,42,16,0.988071113971435,0.9618654861349003,0.8948586484369436,0.9712937357220152,0.8143407964229012,0.852703184108297,0.7432280577241542,2420,117,171,25,36,0.7824019024970273,0.7529239766081871
OBSERVER_2,Standard U-Net,42,17,0.9879633690907527,0.9630164155053036,0.8831536222377107,0.9726839145776777,0.7964873359216121,0.8375845711175053,0.7205552768021408,2325,126,115,27,38,0.6681957186544343,0.5456475583864119
OBSERVER_2,Standard U-Net,42,18,0.9869025521113214,0.9663066973621778,0.8754988291942878,0.9802626576985265,0.8720762155059133,0.8737841707674331,0.7758585415753324,2902,137,85,18,41,0.6502770083102493,0.4714285714285714
OBSERVER_2,Standard U-Net,42,19,0.9870424015889473,0.9634985135539255,0.8671817737600782,0.979701403588089,0.8778519755147468,0.8724842525733599,0.7738111459326884,3558,86,121,27,49,0.6412698412698413,0.49333333333333335
OBSERVER_2,Standard U-Net,42,20,0.9772395104614959,0.9566813025496324,0.8099819996727213,0.9794382843913733,0.859370117017952,0.8339454796643866,0.7151856668111545,4863,67,122,36,59,0.6007268951194185,0.4573643410852713
OBSERVER_2,Standard U-Net,43,01,0.9875736796752929,0.9559937070198817,0.9170046801872075,0.9617453920585889,0.7795526214965666,0.8427105900344081,0.7281761871988989,2012,158,156,19,24,0.7925788497217069,0.7521663778162911
OBSERVER_2,Standard U-Net,43,02,0.9911574603663464,0.963511886514992,0.9001955769520085,0.9744803285866188,0.8593669213534785,0.8793075577892401,0.7846109464739975,2360,148,113,20,16,0.7963281698221457,0.7580645161290323
OBSERVER_2,Standard U-Net,43,03,0.9859418063922019,0.958888391729833,0.8347695766204571,0.9774454086205492,0.8469433597124788,0.8408124056539042,0.7253462767846572,3385,145,93,23,22,0.7063694267515923,0.6446428571428572
OBSERVER_2,Standard U-Net,43,04,0.9831914142598632,0.9641659745932146,0.8635970526170131,0.9787990134393718,0.8556347683027146,0.8595974725823391,0.7537667200096622,3260,9,85,11,34,0.6633027522935779,0.5420560747663551
OBSERVER_2,Standard U-Net,43,05,0.9901129124257342,0.9677109089871011,0.8737183550203199,0.9802610617706798,0.8552866892952298,0.8644042788638878,0.7611901513675047,2587,75,117,23,32,0.7291997880233174,0.6824817518248175
OBSERVER_2,Standard U-Net,43,06,0.9737620067188452,0.959467953705291,0.7913060454220082,0.9857342515183086,0.8965237586168762,0.8406353156703134,0.7250827345636683,5533,25,113,15,48,0.6637037037037037,1.0
OBSERVER_2,Standard U-Net,43,07,0.9866748250862447,0.9634215438673548,0.8890393567498942,0.9720355803866794,0.7864041326645205,0.8345781026537422,0.7161167166621216,2176,277,97,27,20,0.7082721488007832,0.6125
OBSERVER_2,Standard U-Net,43,08,0.9837567218963573,0.960177226878818,0.8601201310520568,0.9709945294974222,0.7622388902330833,0.8082267926625903,0.6781716417910447,2323,214,108,24,22,0.7252514557967178,0.6830808080808081
OBSERVER_2,Standard U-Net,43,09,0.971504998089519,0.9620882017042959,0.7831845126435056,0.9858113688148612,0.8797993846672567,0.8286854171215339,0.7074832237511015,5093,6,93,17,71,0.48886059834500317,0.005847953216374269
OBSERVER_2,Standard U-Net,43,10,0.9883313000226889,0.9634499322576672,0.8994972751468041,0.9708829869243498,0.7821614870325472,0.8367358968816929,0.7193000236478497,1981,295,121,21,17,0.7867996201329535,0.7709844559585493
OBSERVER_2,Standard U-Net,43,11,0.9882802739814994,0.9613017637195256,0.9036429872495446,0.9692010540815715,0.80078125,0.8491082737137575,0.7377829332857441,2317,163,158,31,33,0.7507610350076104,0.6808266360505166
OBSERVER_2,Standard U-Net,43,12,0.9871046280777045,0.9629709364908504,0.8855892230481869,0.9731681120216406,0.8130608002771522,0.8477766138063071,0.7357745242499295,2387,102,169,22,33,0.7720720720720721,0.7138810198300283
OBSERVER_2,Standard U-Net,43,13,0.9833035697024605,0.9566637362637362,0.804911650194669,0.9827675029622379,0.889315376724794,0.8450110829887912,0.7316183476248809,5579,157,99,7,12,0.8757828810020877,1.0
OBSERVER_2,Standard U-Net,43,14,0.9897615091933902,0.9606471437300202,0.9107765966079688,0.9667557949982108,0.7704214717188358,0.8347402476665056,0.7163555130046274,1627,388,147,15,12,0.8661417322834646,0.6996996996996997
OBSERVER_2,Standard U-Net,43,15,0.9824546120642002,0.9592997176706509,0.8667533311667208,0.9705342788665438,0.7812236827651862,0.8217690218961234,0.6974600372658625,2822,728,108,3,9,0.9144050104384134,1.0
OBSERVER_2,Standard U-Net,43,16,0.9875524179674438,0.9628141277328344,0.8828597877946308,0.9740641657648992,0.8272778834284189,0.8541655901755111,0.7454529056308812,2578,54,165,25,42,0.7582243361078082,0.7251461988304093
OBSERVER_2,Standard U-Net,43,17,0.9878237008983443,0.9638619822563794,0.8746258865975155,0.9746641322527333,0.8069067251683183,0.8394027031812548,0.7232506102522376,2405,98,110,31,39,0.654434250764526,0.5562632696390658
OBSERVER_2,Standard U-Net,43,18,0.9864303624632854,0.9670184348804105,0.8690676428877675,0.9820721675089081,0.8816581905781584,0.8753176435416632,0.7782798747711028,2801,30,89,14,41,0.6578947368421053,0.5142857142857142
OBSERVER_2,Standard U-Net,43,19,0.9868182831725925,0.9640306436575369,0.8661739555338382,0.9804925916031318,0.8819304082838396,0.8739811719026855,0.7761692345584412,3468,86,125,32,40,0.6761904761904762,0.6066666666666667
OBSERVER_2,Standard U-Net,43,20,0.9781485912590991,0.9579558989640607,0.8089019800360007,0.9810781446732464,0.8689660021797982,0.8378589104715414,0.7209614374890613,4744,49,128,32,57,0.6178608515057114,0.5465116279069767
OBSERVER_2,DPD-2,41,01,0.9877305233976436,0.9528650440998855,0.9256370254810192,0.9568817380275352,0.7600125245509664,0.8346880080030011,0.7162785706620882,1827,219,154,25,20,0.8074211502782931,0.7842287694974004
OBSERVER_2,DPD-2,41,02,0.9910143252191781,0.9618858485829923,0.9106965548367685,0.9707534974876467,0.8436088968169909,0.8758699521074182,0.7791535808062606,2139,250,118,20,11,0.8267355134825014,0.8207885304659498
OBSERVER_2,DPD-2,41,03,0.9849008732600858,0.9585782826157261,0.8407302701045676,0.9761977511610853,0.8407875464114181,0.8407589072825125,0.7252666529544853,3110,191,97,22,19,0.740764331210191,0.6928571428571428
OBSERVER_2,DPD-2,41,04,0.9833770882279219,0.9625093924254209,0.8752551285155845,0.9752051140081542,0.8370331160882655,0.8557175229140596,0.7478201755682322,3029,73,87,16,27,0.6963302752293578,0.5514018691588785
OBSERVER_2,DPD-2,41,05,0.9897203043542652,0.9670169921780644,0.8865441258715185,0.9777619578637142,0.8418481147105682,0.8636182036102132,0.7599718742009716,2350,93,120,25,27,0.7519872813990461,0.6843065693430657
OBSERVER_2,DPD-2,41,06,0.9726158174358185,0.9586020158330366,0.7987570768529967,0.9835692323329861,0.8836296882873803,0.8390525668193315,0.722730885859805,5369,34,108,15,53,0.64,1.0
OBSERVER_2,DPD-2,41,07,0.9866184414296187,0.96086966070056,0.8968260685569192,0.9682864074101302,0.7660774319488125,0.8263115824771411,0.7040297664529418,2034,544,102,28,14,0.758198727361723,0.6721153846153847
OBSERVER_2,DPD-2,41,08,0.9845673850926259,0.9590673391106691,0.8718602111394248,0.9684954150104294,0.7494914723830386,0.8060580563735802,0.6751233262861169,2119,221,111,25,18,0.7421916357861302,0.6818181818181818
OBSERVER_2,DPD-2,41,09,0.971497047908598,0.9612009136431521,0.8104224506640655,0.9811945912062326,0.8510696978054451,0.8302488709522436,0.7097653939672735,4497,18,97,17,67,0.5111394016549968,0.06432748538011696
OBSERVER_2,DPD-2,41,10,0.9876593821874624,0.9622622420072845,0.902876938025432,0.9691644448372541,0.7728916534066252,0.8328429748845547,0.7135654903008247,1916,345,123,19,17,0.8034188034188035,0.7917098445595855
OBSERVER_2,DPD-2,41,11,0.9886827533088322,0.9612051937106587,0.9086703096539163,0.9684025074364656,0.7975634712540769,0.8494993529051155,0.7383736419880998,2196,156,161,30,31,0.7678843226788432,0.6911595866819747
OBSERVER_2,DPD-2,41,12,0.9865553323534172,0.9612222930076229,0.893664390023018,0.9701249104940727,0.7976491192617291,0.8429313781321185,0.7285059521978529,2228,169,173,21,30,0.7923423423423424,0.6855524079320113
OBSERVER_2,DPD-2,41,13,0.9840500515719537,0.9574549450549451,0.8301587301587302,0.9793519138632734,0.873672266523781,0.8513598599444078,0.7411893684154233,4861,233,101,8,9,0.894572025052192,1.0
OBSERVER_2,DPD-2,41,14,0.9897519900840875,0.9601423928732721,0.9125213016310963,0.9659755079320902,0.7666348513771475,0.8332407098662518,0.7141496253016639,1599,414,150,13,11,0.8706411698537683,0.7207207207207207
OBSERVER_2,DPD-2,41,15,0.9834132364649686,0.9621010228941836,0.86354403639909,0.9740652339011135,0.8016669180871926,0.8314558397872174,0.711531380753138,2845,384,109,2,9,0.9144050104384134,1.0
OBSERVER_2,DPD-2,41,16,0.9879602218204264,0.9607982643372245,0.8967457096062095,0.9698108292252815,0.8069332308086633,0.849472157576984,0.7383325515947468,2289,86,175,25,32,0.7946888624653191,0.7616959064327485
OBSERVER_2,DPD-2,41,17,0.9874839839030566,0.9613828336668379,0.8868435078512567,0.9704059198086286,0.7839022976009278,0.832201596614408,0.7126243658166963,2150,171,115,31,34,0.6865443425076453,0.564755838641189
OBSERVER_2,DPD-2,41,18,0.9865851339694871,0.9658409925662971,0.8817980937304178,0.9787572671840074,0.8644917227108122,0.8730591519861549,0.7747160407974037,2525,86,93,15,36,0.6994459833795014,0.5142857142857142
OBSERVER_2,DPD-2,41,19,0.9867169121375593,0.963177476383978,0.8699609088688004,0.9788588397279135,0.873776878009877,0.8718647180350447,0.772837027591633,3325,95,127,36,34,0.6888888888888889,0.5533333333333333
OBSERVER_2,DPD-2,41,20,0.9776872848112951,0.956527471947891,0.8208149239077074,0.9775801145363714,0.8502847843775427,0.8352900034970275,0.7171656515398473,4419,32,136,29,52,0.6303219106957425,0.5116279069767442
OBSERVER_2,DPD-2,42,01,0.9877372470128094,0.9509575402113407,0.9329519847460566,0.9536137307448397,0.7479225146605153,0.8302532934316478,0.709771858103653,1692,179,161,17,21,0.8319109461966605,0.8162911611785095
OBSERVER_2,DPD-2,42,02,0.990807928188314,0.9604641760741403,0.9177674138709192,0.9678606425786543,0.8318424784553289,0.8726950202423358,0.7741427882541052,2077,271,119,20,10,0.8370625358577166,0.8351254480286738
OBSERVER_2,DPD-2,42,03,0.985786955487136,0.9587599179539886,0.8491433631935693,0.9751487003992504,0.8362965447836297,0.842670993256604,0.72811705949356,3157,209,101,17,20,0.7528662420382166,0.6803571428571429
OBSERVER_2,DPD-2,42,04,0.981295914036876,0.9628872865008327,0.8768118448818625,0.9754114863844566,0.8384109027157554,0.8571815076600494,0.7500591856060606,3125,0,85,11,34,0.6568807339449542,0.5420560747663551
OBSERVER_2,DPD-2,42,05,0.9901326924277946,0.9666348987452403,0.8881100630103277,0.9771197578557489,0.8382601351351351,0.8624653764686714,0.7581882420345673,2442,76,120,24,28,0.7403285638579756,0.6916058394160584
OBSERVER_2,DPD-2,42,06,0.9721421101234046,0.959296524380327,0.8114466063642871,0.9823901608517775,0.8780101394169835,0.8434170922249653,0.7292318488844703,5178,41,111,17,48,0.6644444444444444,1.0
OBSERVER_2,DPD-2,42,07,0.986834518063449,0.9603996925441968,0.8971646212441812,0.9677228062437208,0.7629741596487439,0.8246460245837871,0.7016150383902569,2122,545,98,30,16,0.7562408223201175,0.6942307692307692
OBSERVER_2,DPD-2,42,08,0.9818959058596411,0.9593692285836056,0.871587186021114,0.9688594592467236,0.7516088526134045,0.8071639275179098,0.6766763230410514,2241,163,109,24,21,0.7485442032821599,0.7133838383838383
OBSERVER_2,DPD-2,42,09,0.9725448589453084,0.9610427830976017,0.8160501238088091,0.9802692456941584,0.8457829451335692,0.8306505508773939,0.7103527106466362,4481,24,103,18,60,0.5537873965626989,0.11695906432748537
OBSERVER_2,DPD-2,42,10,0.9882836799876051,0.9619411257544033,0.913142664019264,0.967612846838619,0.766190493070079,0.8332369607956517,0.7141441173555357,1782,284,122,19,18,0.7910731244064577,0.7968911917098446
OBSERVER_2,DPD-2,42,11,0.988557208667111,0.9582729770777916,0.9171220400728597,0.9639106825577449,0.7768623094488675,0.8411855118952152,0.7259017906058072,2032,225,161,36,25,0.7968036529680366,0.746268656716418
OBSERVER_2,DPD-2,42,12,0.987416187860924,0.9619472331451419,0.9104562091996529,0.9687325960696953,0.7932667017359285,0.8478310522339547,0.7358565372533472,1985,145,175,20,29,0.7959459459459459,0.7308781869688386
OBSERVER_2,DPD-2,42,13,0.9842199302091087,0.9582505494505494,0.8385744234800838,0.9788367420534748,0.8720568082720818,0.8549879385630096,0.746706491012854,4820,244,100,9,9,0.8893528183716075,1.0
OBSERVER_2,DPD-2,42,14,0.9899280036681987,0.959119608242493,0.9216099975655279,0.9637141664347342,0.7567549558554056,0.8310861491739997,0.7109900773155539,1519,501,150,16,8,0.8712035995500562,0.7027027027027027
OBSERVER_2,DPD-2,42,15,0.9842672490674246,0.9626947061048224,0.8730094247643809,0.9735819467595104,0.8004618765597646,0.8351631269067097,0.7169786140860107,2732,385,111,0,9,0.9258872651356994,1.0
OBSERVER_2,DPD-2,42,16,0.9877528264342068,0.9604864423304962,0.9071067435733106,0.9679972746583303,0.7995292640828495,0.8499274407432736,0.7390207112606602,2151,163,179,22,31,0.8117320650019818,0.7894736842105263
OBSERVER_2,DPD-2,42,17,0.9878891345996768,0.9611437729099892,0.8981591570661309,0.9687681457916653,0.7768439716312057,0.8331083265197468,0.7139551557815148,2020,187,123,27,30,0.7334352701325179,0.6624203821656051
OBSERVER_2,DPD-2,42,18,0.987003157497869,0.9657531237368856,0.8875037102997922,0.9777790167823165,0.859909247779127,0.8734885985555465,0.7753925947269846,2630,121,95,14,35,0.7008310249307479,0.5761904761904761
OBSERVER_2,DPD-2,42,19,0.9870070384104496,0.9634633313983147,0.8802223308086978,0.9774665543248187,0.8679233919537461,0.8740295972828724,0.7762456234850525,3199,47,129,32,36,0.6952380952380952,0.5633333333333334
OBSERVER_2,DPD-2,42,20,0.9771289981616312,0.9565494477481398,0.8239240713467517,0.9771231875228463,0.8481857080287052,0.8358788764194169,0.7180342831065857,4522,61,134,34,49,0.6557632398753894,0.49612403100775193
OBSERVER_2,DPD-2,43,01,0.9875252206932442,0.9553207325171474,0.9179060495753163,0.9608401693840395,0.7756782094099725,0.8408199558583019,0.7253575146567312,2019,136,150,26,23,0.7884972170686456,0.7478336221837089
OBSERVER_2,DPD-2,43,02,0.9913549592307251,0.9634408028895494,0.9037460508500075,0.9737818735275108,0.8565562082929333,0.8795186014846049,0.7849470795766366,2306,108,111,23,15,0.7980493402180149,0.7867383512544803
OBSERVER_2,DPD-2,43,03,0.9857067421280429,0.9586846057405627,0.836438570796008,0.9769616230750428,0.8444345105051408,0.8404175222450376,0.7247587285659475,3255,112,98,20,20,0.7318471337579617,0.6857142857142857
OBSERVER_2,DPD-2,43,04,0.9834086901717642,0.9638979334467016,0.8651191752862628,0.9782704988171339,0.8527877237851662,0.8589091908229153,0.75270888514327,3266,4,83,15,32,0.6577981651376147,0.5327102803738317
OBSERVER_2,DPD-2,43,05,0.9901740772745278,0.9677416521368685,0.8783788822191566,0.9796736230037039,0.8522899934881701,0.8651377999742945,0.7623285011648977,2526,58,116,22,34,0.7191308956014838,0.6697080291970803
OBSERVER_2,DPD-2,43,06,0.9741086221219294,0.95929212875661,0.7944946964274093,0.985032907275176,0.8923729123268648,0.8405941787011377,0.7250215267674218,5484,14,113,13,50,0.6548148148148148,1.0
OBSERVER_2,DPD-2,43,07,0.9869741614028097,0.9633249149006259,0.892890393567499,0.9714817809796858,0.7838249498476856,0.8348104771702145,0.7164589629529017,2129,260,99,26,19,0.723935389133627,0.6471153846153846
OBSERVER_2,DPD-2,43,08,0.9839077050115372,0.9602171828384714,0.8663997087732072,0.9703599118422607,0.7596249750648314,0.8095066006249867,0.6799757151530302,2226,176,108,27,19,0.7342509264160931,0.6982323232323232
OBSERVER_2,DPD-2,43,09,0.971774916568251,0.9625098831590969,0.7877616868012306,0.9856820194422057,0.879455497382199,0.8310870984978923,0.7109914668833808,5041,7,92,17,72,0.49140674729471673,0.005847953216374269
OBSERVER_2,DPD-2,43,10,0.9884476328045079,0.963084827476994,0.9039330826750032,0.969959884317567,0.7776485553334544,0.8360489196264603,0.7182852730873812,1925,290,123,19,17,0.7901234567901234,0.7772020725388601
OBSERVER_2,DPD-2,43,11,0.9886588898187084,0.9607179541204667,0.9072859744990892,0.968038170529636,0.7954581749656648,0.8476999268197213,0.7356590063212619,2250,136,159,30,33,0.7614155251141552,0.7129735935706085
OBSERVER_2,DPD-2,43,12,0.9871506087461325,0.962535972408339,0.8907211048639674,0.9719995624154666,0.8073949924750308,0.8470136534079695,0.7346259180878875,2318,104,173,21,30,0.7815315315315315,0.7337110481586402
OBSERVER_2,DPD-2,43,13,0.9834845951980031,0.9574417582417583,0.8118897873614854,0.9824790067487507,0.8885283513602098,0.8484820031298904,0.7368378135957163,5453,142,102,7,9,0.8872651356993737,1.0
OBSERVER_2,DPD-2,43,14,0.9900214601276439,0.9606072949781718,0.9135762395520571,0.9663681364558069,0.7689102892463204,0.8350238276252109,0.7167733104128864,1591,378,147,15,12,0.8622047244094488,0.7237237237237237
OBSERVER_2,DPD-2,43,15,0.9832556471869945,0.9605926277738199,0.8728469288267793,0.9712444150746136,0.786543178240656,0.8274507538559298,0.7056852891910533,2710,380,109,2,9,0.918580375782881,1.0
OBSERVER_2,DPD-2,43,16,0.987569196919846,0.9626560207998454,0.8842839849035107,0.9736834195022244,0.8254179268171092,0.8538375590889558,0.7449533579291521,2578,50,162,28,42,0.7546571541815299,0.7324561403508771
OBSERVER_2,DPD-2,43,17,0.9881794512935558,0.963742451877955,0.8788897544176131,0.9740139855975145,0.8036966220522626,0.8396130346232179,0.7235629662132514,2349,84,109,31,40,0.6518858307849134,0.554140127388535
OBSERVER_2,DPD-2,43,18,0.9866172190684017,0.9669393529339402,0.8717060782955707,0.9815754393256662,0.8790993148406838,0.8753870866246046,0.7783896807633408,2776,33,92,10,42,0.6717451523545707,0.5142857142857142
OBSERVER_2,DPD-2,43,19,0.9870615821764263,0.9642109522050416,0.8692890300513071,0.9801791989478227,0.880638574345647,0.8749269972028402,0.7776624228184252,3408,67,123,29,45,0.6671957671957672,0.5933333333333334
OBSERVER_2,DPD-2,43,20,0.9784551578064847,0.9578855764032648,0.8136802487317951,0.9802556760489013,0.8647351396473166,0.8384311874009375,0.7218093136685635,4683,33,128,31,58,0.616822429906542,0.5542635658914729
