config_id,metric,orientation_positive_favors_DPD,seed41_effect,seed42_effect,seed43_effect,mean_effect,sample_sd
D0_PRIMARY,thin_FN,Standard - DPD,5625.0,5496.0,1302.0,4141.0,2459.4920207229784
D0_PRIMARY,far_FP,Standard - DPD,-307.0,-890.0,535.0,-220.66666666666666,716.412125339412
D0_PRIMARY,recovered,DPD - Standard,0.0,118.0,-5.0,37.666666666666664,69.61561127601577
D0_PRIMARY,missed,Standard - DPD,10.0,80.0,5.0,31.666666666666668,41.93248541803041
D0_PRIMARY,length_weighted_coverage,DPD - Standard,0.0013578654355352882,0.03846153846153855,0.00386991649127566,0.014563106796116498,0.02073472635885984
D0_PRIMARY,long_branch_coverage,DPD - Standard,-0.016184971098265888,0.07098265895953759,0.01387283236994219,0.02289017341040463,0.044277909413764416
RHO_1,thin_FN,Standard - DPD,1502.0,3601.0,308.0,1803.6666666666667,1667.0975776280563
RHO_1,far_FP,Standard - DPD,-307.0,-890.0,535.0,-220.66666666666666,716.412125339412
RHO_1,recovered,DPD - Standard,-7.0,113.0,0.0,35.333333333333336,67.35230755759845
RHO_1,missed,Standard - DPD,8.0,80.0,7.0,31.666666666666668,41.86088070422472
RHO_1,length_weighted_coverage,DPD - Standard,-0.00044519192718639466,0.0551543332014246,0.006133755441234623,0.020280965571824277,0.030379836479004545
RHO_1,long_branch_coverage,DPD - Standard,-0.019052803483941227,0.08328796951551443,0.016330974414806687,0.026855380148793295,0.05197577119746955
RHO_3,thin_FN,Standard - DPD,10508.0,6496.0,2315.0,6439.666666666667,4096.790491754897
RHO_3,far_FP,Standard - DPD,-307.0,-890.0,535.0,-220.66666666666666,716.412125339412
RHO_3,recovered,DPD - Standard,0.0,118.0,-4.0,38.0,69.31089380465383
RHO_3,missed,Standard - DPD,10.0,82.0,3.0,31.666666666666668,43.730233629988
RHO_3,length_weighted_coverage,DPD - Standard,0.0011298583910815951,0.028371999598272635,0.0026865521743496545,0.010729470054567961,0.015298691460680077
RHO_3,long_branch_coverage,DPD - Standard,-0.014474772539288638,0.06327543424317617,0.012406947890818865,0.0204025365315688,0.0394869692678873
TOL_0,thin_FN,Standard - DPD,5625.0,5496.0,1302.0,4141.0,2459.4920207229784
TOL_0,far_FP,Standard - DPD,-307.0,-890.0,535.0,-220.66666666666666,716.412125339412
TOL_0,recovered,DPD - Standard,-13.0,135.0,28.0,50.0,76.41334961902926
TOL_0,missed,Standard - DPD,22.0,86.0,5.0,37.666666666666664,42.71221527073178
TOL_0,length_weighted_coverage,DPD - Standard,-0.0017312784303075146,0.040939642881390514,0.006721433905899965,0.015309932785660988,0.022594769663641705
TOL_0,long_branch_coverage,DPD - Standard,-0.022427745664739818,0.07398843930635834,0.015260115606936409,0.022273603082851645,0.048589216252439886
TOL_2,thin_FN,Standard - DPD,5625.0,5496.0,1302.0,4141.0,2459.4920207229784
TOL_2,far_FP,Standard - DPD,-307.0,-890.0,535.0,-220.66666666666666,716.412125339412
TOL_2,recovered,DPD - Standard,19.0,96.0,6.0,40.333333333333336,48.6449723335653
TOL_2,missed,Standard - DPD,5.0,67.0,9.0,27.0,34.698703145794944
TOL_2,length_weighted_coverage,DPD - Standard,0.0017312784303075146,0.035542127775137544,0.0033267703170615226,0.01353339217416886,0.019076811333532243
TOL_2,long_branch_coverage,DPD - Standard,-0.018034682080924846,0.06774566473988441,0.015722543352601148,0.021811175337186905,0.04321308314338808
MINBR_3,thin_FN,Standard - DPD,5625.0,5496.0,1302.0,4141.0,2459.4920207229784
MINBR_3,far_FP,Standard - DPD,-307.0,-890.0,535.0,-220.66666666666666,716.412125339412
MINBR_3,recovered,DPD - Standard,23.0,164.0,-17.0,56.666666666666664,95.08066750572029
MINBR_3,missed,Standard - DPD,40.0,122.0,9.0,57.0,58.38664230798
MINBR_3,length_weighted_coverage,DPD - Standard,0.0035884540835036116,0.03363193462203362,0.002645502645502673,0.013288630450346636,0.01762412573207363
MINBR_3,long_branch_coverage,DPD - Standard,-0.016184971098265888,0.07098265895953759,0.01387283236994219,0.02289017341040463,0.044277909413764416
MINBR_7,thin_FN,Standard - DPD,5625.0,5496.0,1302.0,4141.0,2459.4920207229784
MINBR_7,far_FP,Standard - DPD,-307.0,-890.0,535.0,-220.66666666666666,716.412125339412
MINBR_7,recovered,DPD - Standard,5.0,84.0,8.0,32.333333333333336,44.76978147515725
MINBR_7,missed,Standard - DPD,2.0,58.0,5.0,21.666666666666668,31.50132272355136
MINBR_7,length_weighted_coverage,DPD - Standard,0.0005297311614355094,0.044497417560588004,0.006445062464132789,0.017157403728718768,0.023861162028498705
MINBR_7,long_branch_coverage,DPD - Standard,-0.016184971098265888,0.07098265895953759,0.01387283236994219,0.02289017341040463,0.044277909413764416
LONGBR_15,thin_FN,Standard - DPD,5625.0,5496.0,1302.0,4141.0,2459.4920207229784
LONGBR_15,far_FP,Standard - DPD,-307.0,-890.0,535.0,-220.66666666666666,716.412125339412
LONGBR_15,recovered,DPD - Standard,0.0,118.0,-5.0,37.666666666666664,69.61561127601577
LONGBR_15,missed,Standard - DPD,10.0,80.0,5.0,31.666666666666668,41.93248541803041
LONGBR_15,length_weighted_coverage,DPD - Standard,0.0013578654355352882,0.03846153846153855,0.00386991649127566,0.014563106796116498,0.02073472635885984
LONGBR_15,long_branch_coverage,DPD - Standard,-0.012423873325213108,0.06942752740560287,0.010962241169305775,0.02265529841656518,0.04215991747192966
LONGBR_25,thin_FN,Standard - DPD,5625.0,5496.0,1302.0,4141.0,2459.4920207229784
LONGBR_25,far_FP,Standard - DPD,-307.0,-890.0,535.0,-220.66666666666666,716.412125339412
LONGBR_25,recovered,DPD - Standard,0.0,118.0,-5.0,37.666666666666664,69.61561127601577
LONGBR_25,missed,Standard - DPD,10.0,80.0,5.0,31.666666666666668,41.93248541803041
LONGBR_25,length_weighted_coverage,DPD - Standard,0.0013578654355352882,0.03846153846153855,0.00386991649127566,0.014563106796116498,0.02073472635885984
LONGBR_25,long_branch_coverage,DPD - Standard,-0.015675241157556252,0.06069131832797425,0.01808681672025725,0.021034297963558417,0.03826850645340077
FARFP_3,thin_FN,Standard - DPD,5625.0,5496.0,1302.0,4141.0,2459.4920207229784
FARFP_3,far_FP,Standard - DPD,-532.0,-1211.0,577.0,-388.6666666666667,902.5764972196724
FARFP_3,recovered,DPD - Standard,0.0,118.0,-5.0,37.666666666666664,69.61561127601577
FARFP_3,missed,Standard - DPD,10.0,80.0,5.0,31.666666666666668,41.93248541803041
FARFP_3,length_weighted_coverage,DPD - Standard,0.0013578654355352882,0.03846153846153855,0.00386991649127566,0.014563106796116498,0.02073472635885984
FARFP_3,long_branch_coverage,DPD - Standard,-0.016184971098265888,0.07098265895953759,0.01387283236994219,0.02289017341040463,0.044277909413764416
FARFP_7,thin_FN,Standard - DPD,5625.0,5496.0,1302.0,4141.0,2459.4920207229784
FARFP_7,far_FP,Standard - DPD,-137.0,-700.0,493.0,-114.66666666666667,596.813482868252
FARFP_7,recovered,DPD - Standard,0.0,118.0,-5.0,37.666666666666664,69.61561127601577
FARFP_7,missed,Standard - DPD,10.0,80.0,5.0,31.666666666666668,41.93248541803041
FARFP_7,length_weighted_coverage,DPD - Standard,0.0013578654355352882,0.03846153846153855,0.00386991649127566,0.014563106796116498,0.02073472635885984
FARFP_7,long_branch_coverage,DPD - Standard,-0.016184971098265888,0.07098265895953759,0.01387283236994219,0.02289017341040463,0.044277909413764416
