config_id,rho,branch_tolerance,min_branch_length,long_branch_threshold,far_fp_distance,architecture,seed,images,thin_FN,far_FP,recovered,partial,missed,evaluated_branches,evaluated_centerline_pixels,length_weighted_coverage,long_branches,long_centerline_pixels,long_branch_coverage
D0_PRIMARY,2,1,5,20,5,Standard U-Net,41,20,75510,4810,2218,302,695,3215,29458,0.7318215764817707,166,4325,0.7630057803468208
D0_PRIMARY,2,1,5,20,5,Standard U-Net,42,20,74659,4336,2129,312,774,3215,29458,0.7007264580080114,166,4325,0.6996531791907514
D0_PRIMARY,2,1,5,20,5,Standard U-Net,43,20,74914,3974,2169,294,752,3215,29458,0.7161382307013375,166,4325,0.7329479768786127
D0_PRIMARY,2,1,5,20,5,DPD-2,41,20,69885,5117,2218,312,685,3215,29458,0.733179441917306,166,4325,0.7468208092485549
D0_PRIMARY,2,1,5,20,5,DPD-2,42,20,69163,5226,2247,274,694,3215,29458,0.7391879964695499,166,4325,0.770635838150289
D0_PRIMARY,2,1,5,20,5,DPD-2,43,20,73612,3439,2164,304,747,3215,29458,0.7200081471926132,166,4325,0.7468208092485549
RHO_1,1,1,5,20,5,Standard U-Net,41,20,50299,4810,1098,271,675,2044,20216,0.6223288484368816,138,3674,0.721012520413718
RHO_1,1,1,5,20,5,Standard U-Net,42,20,52202,4336,1013,283,748,2044,20216,0.5780075187969925,138,3674,0.6475231355470876
RHO_1,1,1,5,20,5,Standard U-Net,43,20,51912,3974,1052,273,719,2044,20216,0.6009596359319351,138,3674,0.6856287425149701
RHO_1,1,1,5,20,5,DPD-2,41,20,48797,5117,1091,286,667,2044,20216,0.6218836565096952,138,3674,0.7019597169297768
RHO_1,1,1,5,20,5,DPD-2,42,20,48601,5226,1126,250,668,2044,20216,0.6331618519984171,138,3674,0.730811105062602
RHO_1,1,1,5,20,5,DPD-2,43,20,51604,3439,1052,280,712,2044,20216,0.6070933913731698,138,3674,0.7019597169297768
RHO_3,3,1,5,20,5,Standard U-Net,41,20,98004,4810,3539,311,697,4547,39828,0.8000903886712866,186,4836,0.7876344086021505
RHO_3,3,1,5,20,5,Standard U-Net,42,20,91075,4336,3453,319,775,4547,39828,0.7777945164206086,186,4836,0.7311827956989247
RHO_3,3,1,5,20,5,Standard U-Net,43,20,93763,3974,3491,304,752,4547,39828,0.7888922366174551,186,4836,0.760752688172043
RHO_3,3,1,5,20,5,DPD-2,41,20,87496,5117,3539,321,687,4547,39828,0.8012202470623682,186,4836,0.7731596360628619
RHO_3,3,1,5,20,5,DPD-2,42,20,84579,5226,3571,283,693,4547,39828,0.8061665160188812,186,4836,0.7944582299421009
RHO_3,3,1,5,20,5,DPD-2,43,20,91448,3439,3487,311,749,4547,39828,0.7915787887918048,186,4836,0.7731596360628619
TOL_0,2,0,5,20,5,Standard U-Net,41,20,75510,4810,1795,562,858,3215,29458,0.6332744924977934,166,4325,0.6411560693641618
TOL_0,2,0,5,20,5,Standard U-Net,42,20,74659,4336,1687,609,919,3215,29458,0.6016362278498201,166,4325,0.5782658959537572
TOL_0,2,0,5,20,5,Standard U-Net,43,20,74914,3974,1724,585,906,3215,29458,0.6113449657138977,166,4325,0.5995375722543352
TOL_0,2,0,5,20,5,DPD-2,41,20,69885,5117,1782,597,836,3215,29458,0.6315432140674859,166,4325,0.618728323699422
TOL_0,2,0,5,20,5,DPD-2,42,20,69163,5226,1822,560,833,3215,29458,0.6425758707312106,166,4325,0.6522543352601156
TOL_0,2,0,5,20,5,DPD-2,43,20,73612,3439,1752,562,901,3215,29458,0.6180663996197977,166,4325,0.6147976878612716
TOL_2,2,2,5,20,5,Standard U-Net,41,20,75510,4810,2315,309,591,3215,29458,0.7643085070269536,166,4325,0.7974566473988439
TOL_2,2,2,5,20,5,Standard U-Net,42,20,74659,4336,2232,319,664,3215,29458,0.7331115486455292,166,4325,0.7304046242774567
TOL_2,2,2,5,20,5,Standard U-Net,43,20,74914,3974,2274,292,649,3215,29458,0.7486591078824089,166,4325,0.761849710982659
TOL_2,2,2,5,20,5,DPD-2,41,20,69885,5117,2334,295,586,3215,29458,0.7660397854572611,166,4325,0.7794219653179191
TOL_2,2,2,5,20,5,DPD-2,42,20,69163,5226,2328,290,597,3215,29458,0.7686536764206667,166,4325,0.7981502890173411
TOL_2,2,2,5,20,5,DPD-2,43,20,73612,3439,2280,295,640,3215,29458,0.7519858781994704,166,4325,0.7775722543352601
MINBR_3,2,1,3,20,5,Standard U-Net,41,20,75510,4810,4057,474,1248,5779,38178,0.7361569490282361,166,4325,0.7630057803468208
MINBR_3,2,1,3,20,5,Standard U-Net,42,20,74659,4336,3943,481,1355,5779,38178,0.7099376604327099,166,4325,0.6996531791907514
MINBR_3,2,1,3,20,5,Standard U-Net,43,20,74914,3974,4001,473,1305,5779,38178,0.7240557389072241,166,4325,0.7329479768786127
MINBR_3,2,1,3,20,5,DPD-2,41,20,69885,5117,4080,491,1208,5779,38178,0.7397454031117398,166,4325,0.7468208092485549
MINBR_3,2,1,3,20,5,DPD-2,42,20,69163,5226,4107,439,1233,5779,38178,0.7435695950547435,166,4325,0.770635838150289
MINBR_3,2,1,3,20,5,DPD-2,43,20,73612,3439,3984,499,1296,5779,38178,0.7267012415527268,166,4325,0.7468208092485549
MINBR_7,2,1,7,20,5,Standard U-Net,41,20,75510,4810,1319,234,406,1959,22653,0.7315145896790712,166,4325,0.7630057803468208
MINBR_7,2,1,7,20,5,Standard U-Net,42,20,74659,4336,1266,231,462,1959,22653,0.6964199002339646,166,4325,0.6996531791907514
MINBR_7,2,1,7,20,5,Standard U-Net,43,20,74914,3974,1298,219,442,1959,22653,0.7158875204167219,166,4325,0.7329479768786127
MINBR_7,2,1,7,20,5,DPD-2,41,20,69885,5117,1324,231,404,1959,22653,0.7320443208405067,166,4325,0.7468208092485549
MINBR_7,2,1,7,20,5,DPD-2,42,20,69163,5226,1350,205,404,1959,22653,0.7409173177945526,166,4325,0.770635838150289
MINBR_7,2,1,7,20,5,DPD-2,43,20,73612,3439,1306,216,437,1959,22653,0.7223325828808547,166,4325,0.7468208092485549
LONGBR_15,2,1,5,15,5,Standard U-Net,41,20,75510,4810,2218,302,695,3215,29458,0.7318215764817707,402,8210,0.7471376370280146
LONGBR_15,2,1,5,15,5,Standard U-Net,42,20,74659,4336,2129,312,774,3215,29458,0.7007264580080114,402,8210,0.6833130328867235
LONGBR_15,2,1,5,15,5,Standard U-Net,43,20,74914,3974,2169,294,752,3215,29458,0.7161382307013375,402,8210,0.7165651644336175
LONGBR_15,2,1,5,15,5,DPD-2,41,20,69885,5117,2218,312,685,3215,29458,0.733179441917306,402,8210,0.7347137637028015
LONGBR_15,2,1,5,15,5,DPD-2,42,20,69163,5226,2247,274,694,3215,29458,0.7391879964695499,402,8210,0.7527405602923264
LONGBR_15,2,1,5,15,5,DPD-2,43,20,73612,3439,2164,304,747,3215,29458,0.7200081471926132,402,8210,0.7275274056029233
LONGBR_25,2,1,5,25,5,Standard U-Net,41,20,75510,4810,2218,302,695,3215,29458,0.7318215764817707,81,2488,0.7270900321543409
LONGBR_25,2,1,5,25,5,Standard U-Net,42,20,74659,4336,2129,312,774,3215,29458,0.7007264580080114,81,2488,0.6684083601286174
LONGBR_25,2,1,5,25,5,Standard U-Net,43,20,74914,3974,2169,294,752,3215,29458,0.7161382307013375,81,2488,0.682475884244373
LONGBR_25,2,1,5,25,5,DPD-2,41,20,69885,5117,2218,312,685,3215,29458,0.733179441917306,81,2488,0.7114147909967846
LONGBR_25,2,1,5,25,5,DPD-2,42,20,69163,5226,2247,274,694,3215,29458,0.7391879964695499,81,2488,0.7290996784565916
LONGBR_25,2,1,5,25,5,DPD-2,43,20,73612,3439,2164,304,747,3215,29458,0.7200081471926132,81,2488,0.7005627009646302
FARFP_3,2,1,5,20,3,Standard U-Net,41,20,75510,6100,2218,302,695,3215,29458,0.7318215764817707,166,4325,0.7630057803468208
FARFP_3,2,1,5,20,3,Standard U-Net,42,20,74659,5632,2129,312,774,3215,29458,0.7007264580080114,166,4325,0.6996531791907514
FARFP_3,2,1,5,20,3,Standard U-Net,43,20,74914,5178,2169,294,752,3215,29458,0.7161382307013375,166,4325,0.7329479768786127
FARFP_3,2,1,5,20,3,DPD-2,41,20,69885,6632,2218,312,685,3215,29458,0.733179441917306,166,4325,0.7468208092485549
FARFP_3,2,1,5,20,3,DPD-2,42,20,69163,6843,2247,274,694,3215,29458,0.7391879964695499,166,4325,0.770635838150289
FARFP_3,2,1,5,20,3,DPD-2,43,20,73612,4601,2164,304,747,3215,29458,0.7200081471926132,166,4325,0.7468208092485549
FARFP_7,2,1,5,20,7,Standard U-Net,41,20,75510,3860,2218,302,695,3215,29458,0.7318215764817707,166,4325,0.7630057803468208
FARFP_7,2,1,5,20,7,Standard U-Net,42,20,74659,3419,2129,312,774,3215,29458,0.7007264580080114,166,4325,0.6996531791907514
FARFP_7,2,1,5,20,7,Standard U-Net,43,20,74914,3144,2169,294,752,3215,29458,0.7161382307013375,166,4325,0.7329479768786127
FARFP_7,2,1,5,20,7,DPD-2,41,20,69885,3997,2218,312,685,3215,29458,0.733179441917306,166,4325,0.7468208092485549
FARFP_7,2,1,5,20,7,DPD-2,42,20,69163,4119,2247,274,694,3215,29458,0.7391879964695499,166,4325,0.770635838150289
FARFP_7,2,1,5,20,7,DPD-2,43,20,73612,2651,2164,304,747,3215,29458,0.7200081471926132,166,4325,0.7468208092485549
